"Bevolking op 1 januari en gemiddeld; geslacht, leeftijd en regio"
""
"";""
"";"Onderwerp";"Bevolking op 1 januari";"Bevolking op 1 januari";"Bevolking op 1 januari";"Bevolking op 1 januari";"Bevolking op 1 januari";"Bevolking op 1 januari";"Bevolking op 1 januari";"Bevolking op 1 januari";"Bevolking op 1 januari";"Bevolking op 1 januari";"Bevolking op 1 januari";"Bevolking op 1 januari";"Bevolking op 1 januari";"Bevolking op 1 januari";"Bevolking op 1 januari";"Bevolking op 1 januari";"Bevolking op 1 januari";"Bevolking op 1 januari";"Bevolking op 1 januari";"Bevolking op 1 januari";"Bevolking op 1 januari";"Bevolking op 1 januari";"Bevolking op 1 januari";"Bevolking op 1 januari";"Bevolking op 1 januari";"Bevolking op 1 januari";"Bevolking op 1 januari";"Bevolking op 1 januari";"Bevolking op 1 januari";"Bevolking op 1 januari";"Bevolking op 1 januari";"Bevolking op 1 januari";"Bevolking op 1 januari";"Bevolking op 1 januari";"Bevolking op 1 januari";"Bevolking op 1 januari";"Bevolking op 1 januari";"Bevolking op 1 januari";"Bevolking op 1 januari";"Bevolking op 1 januari";"Bevolking op 1 januari";"Bevolking op 1 januari";"Bevolking op 1 januari";"Bevolking op 1 januari";"Bevolking op 1 januari";"Bevolking op 1 januari";"Bevolking op 1 januari";"Bevolking op 1 januari";"Bevolking op 1 januari";"Bevolking op 1 januari";"Bevolking op 1 januari";"Bevolking op 1 januari";"Bevolking op 1 januari";"Bevolking op 1 januari";"Bevolking op 1 januari";"Bevolking op 1 januari";"Bevolking op 1 januari";"Bevolking op 1 januari";"Bevolking op 1 januari";"Bevolking op 1 januari";"Bevolking op 1 januari";"Bevolking op 1 januari";"Bevolking op 1 januari";"Bevolking op 1 januari";"Bevolking op 1 januari";"Bevolking op 1 januari";"Bevolking op 1 januari";"Bevolking op 1 januari";"Bevolking op 1 januari";"Bevolking op 1 januari";"Bevolking op 1 januari";"Bevolking op 1 januari";"Bevolking op 1 januari";"Bevolking op 1 januari";"Bevolking op 1 januari";"Bevolking op 1 januari";"Bevolking op 1 januari";"Bevolking op 1 januari";"Bevolking op 1 januari";"Bevolking op 1 januari";"Bevolking op 1 januari";"Bevolking op 1 januari";"Bevolking op 1 januari";"Bevolking op 1 januari";"Bevolking op 1 januari";"Bevolking op 1 januari";"Bevolking op 1 januari";"Bevolking op 1 januari";"Bevolking op 1 januari";"Bevolking op 1 januari";"Bevolking op 1 januari";"Bevolking op 1 januari";"Bevolking op 1 januari";"Bevolking op 1 januari";"Bevolking op 1 januari";"Bevolking op 1 januari";"Bevolking op 1 januari";"Bevolking op 1 januari";"Bevolking op 1 januari";"Bevolking op 1 januari";"Bevolking op 1 januari";"Bevolking op 1 januari";"Bevolking op 1 januari";"Bevolking op 1 januari";"Bevolking op 1 januari";"Bevolking op 1 januari";"Bevolking op 1 januari";"Bevolking op 1 januari";"Gemiddelde bevolking ";"Gemiddelde bevolking ";"Gemiddelde bevolking ";"Gemiddelde bevolking ";"Gemiddelde bevolking ";"Gemiddelde bevolking ";"Gemiddelde bevolking ";"Gemiddelde bevolking ";"Gemiddelde bevolking ";"Gemiddelde bevolking ";"Gemiddelde bevolking ";"Gemiddelde bevolking ";"Gemiddelde bevolking ";"Gemiddelde bevolking ";"Gemiddelde bevolking ";"Gemiddelde bevolking ";"Gemiddelde bevolking ";"Gemiddelde bevolking ";"Gemiddelde bevolking ";"Gemiddelde bevolking ";"Gemiddelde bevolking ";"Gemiddelde bevolking ";"Gemiddelde bevolking ";"Gemiddelde bevolking ";"Gemiddelde bevolking ";"Gemiddelde bevolking ";"Gemiddelde bevolking ";"Gemiddelde bevolking ";"Gemiddelde bevolking ";"Gemiddelde bevolking ";"Gemiddelde bevolking ";"Gemiddelde bevolking ";"Gemiddelde bevolking ";"Gemiddelde bevolking ";"Gemiddelde bevolking ";"Gemiddelde bevolking ";"Gemiddelde bevolking ";"Gemiddelde bevolking ";"Gemiddelde bevolking ";"Gemiddelde bevolking ";"Gemiddelde bevolking ";"Gemiddelde bevolking ";"Gemiddelde bevolking ";"Gemiddelde bevolking ";"Gemiddelde bevolking ";"Gemiddelde bevolking ";"Gemiddelde bevolking ";"Gemiddelde bevolking ";"Gemiddelde bevolking ";"Gemiddelde bevolking ";"Gemiddelde bevolking ";"Gemiddelde bevolking ";"Gemiddelde bevolking ";"Gemiddelde bevolking ";"Gemiddelde bevolking ";"Gemiddelde bevolking ";"Gemiddelde bevolking ";"Gemiddelde bevolking ";"Gemiddelde bevolking ";"Gemiddelde bevolking ";"Gemiddelde bevolking ";"Gemiddelde bevolking ";"Gemiddelde bevolking ";"Gemiddelde bevolking ";"Gemiddelde bevolking ";"Gemiddelde bevolking ";"Gemiddelde bevolking ";"Gemiddelde bevolking ";"Gemiddelde bevolking ";"Gemiddelde bevolking ";"Gemiddelde bevolking ";"Gemiddelde bevolking ";"Gemiddelde bevolking ";"Gemiddelde bevolking ";"Gemiddelde bevolking ";"Gemiddelde bevolking ";"Gemiddelde bevolking ";"Gemiddelde bevolking ";"Gemiddelde bevolking ";"Gemiddelde bevolking ";"Gemiddelde bevolking ";"Gemiddelde bevolking ";"Gemiddelde bevolking ";"Gemiddelde bevolking ";"Gemiddelde bevolking ";"Gemiddelde bevolking ";"Gemiddelde bevolking ";"Gemiddelde bevolking ";"Gemiddelde bevolking ";"Gemiddelde bevolking ";"Gemiddelde bevolking ";"Gemiddelde bevolking ";"Gemiddelde bevolking ";"Gemiddelde bevolking ";"Gemiddelde bevolking ";"Gemiddelde bevolking ";"Gemiddelde bevolking ";"Gemiddelde bevolking ";"Gemiddelde bevolking ";"Gemiddelde bevolking ";"Gemiddelde bevolking ";"Gemiddelde bevolking ";"Gemiddelde bevolking ";"Gemiddelde bevolking ";"Gemiddelde bevolking ";"Gemiddelde bevolking ";"Gemiddelde bevolking ";"Gemiddelde bevolking "
"";"Geslacht";"Totaal mannen en vrouwen";"Totaal mannen en vrouwen";"Totaal mannen en vrouwen";"Totaal mannen en vrouwen";"Totaal mannen en vrouwen";"Totaal mannen en vrouwen";"Totaal mannen en vrouwen";"Totaal mannen en vrouwen";"Totaal mannen en vrouwen";"Totaal mannen en vrouwen";"Totaal mannen en vrouwen";"Totaal mannen en vrouwen";"Totaal mannen en vrouwen";"Totaal mannen en vrouwen";"Totaal mannen en vrouwen";"Totaal mannen en vrouwen";"Totaal mannen en vrouwen";"Totaal mannen en vrouwen";"Totaal mannen en vrouwen";"Totaal mannen en vrouwen";"Totaal mannen en vrouwen";"Totaal mannen en vrouwen";"Totaal mannen en vrouwen";"Totaal mannen en vrouwen";"Totaal mannen en vrouwen";"Totaal mannen en vrouwen";"Totaal mannen en vrouwen";"Totaal mannen en vrouwen";"Totaal mannen en vrouwen";"Totaal mannen en vrouwen";"Totaal mannen en vrouwen";"Totaal mannen en vrouwen";"Totaal mannen en vrouwen";"Totaal mannen en vrouwen";"Totaal mannen en vrouwen";"Totaal mannen en vrouwen";"Totaal mannen en vrouwen";"Totaal mannen en vrouwen";"Totaal mannen en vrouwen";"Totaal mannen en vrouwen";"Totaal mannen en vrouwen";"Totaal mannen en vrouwen";"Totaal mannen en vrouwen";"Totaal mannen en vrouwen";"Totaal mannen en vrouwen";"Totaal mannen en vrouwen";"Totaal mannen en vrouwen";"Totaal mannen en vrouwen";"Totaal mannen en vrouwen";"Totaal mannen en vrouwen";"Totaal mannen en vrouwen";"Totaal mannen en vrouwen";"Totaal mannen en vrouwen";"Totaal mannen en vrouwen";"Totaal mannen en vrouwen";"Totaal mannen en vrouwen";"Totaal mannen en vrouwen";"Totaal mannen en vrouwen";"Totaal mannen en vrouwen";"Totaal mannen en vrouwen";"Totaal mannen en vrouwen";"Totaal mannen en vrouwen";"Totaal mannen en vrouwen";"Totaal mannen en vrouwen";"Totaal mannen en vrouwen";"Totaal mannen en vrouwen";"Totaal mannen en vrouwen";"Totaal mannen en vrouwen";"Totaal mannen en vrouwen";"Totaal mannen en vrouwen";"Totaal mannen en vrouwen";"Totaal mannen en vrouwen";"Totaal mannen en vrouwen";"Totaal mannen en vrouwen";"Totaal mannen en vrouwen";"Totaal mannen en vrouwen";"Totaal mannen en vrouwen";"Totaal mannen en vrouwen";"Totaal mannen en vrouwen";"Totaal mannen en vrouwen";"Totaal mannen en vrouwen";"Totaal mannen en vrouwen";"Totaal mannen en vrouwen";"Totaal mannen en vrouwen";"Totaal mannen en vrouwen";"Totaal mannen en vrouwen";"Totaal mannen en vrouwen";"Totaal mannen en vrouwen";"Totaal mannen en vrouwen";"Totaal mannen en vrouwen";"Totaal mannen en vrouwen";"Totaal mannen en vrouwen";"Totaal mannen en vrouwen";"Totaal mannen en vrouwen";"Totaal mannen en vrouwen";"Totaal mannen en vrouwen";"Totaal mannen en vrouwen";"Totaal mannen en vrouwen";"Totaal mannen en vrouwen";"Totaal mannen en vrouwen";"Totaal mannen en vrouwen";"Totaal mannen en vrouwen";"Totaal mannen en vrouwen";"Totaal mannen en vrouwen";"Totaal mannen en vrouwen";"Totaal mannen en vrouwen";"Totaal mannen en vrouwen";"Totaal mannen en vrouwen";"Totaal mannen en vrouwen";"Totaal mannen en vrouwen";"Totaal mannen en vrouwen";"Totaal mannen en vrouwen";"Totaal mannen en vrouwen";"Totaal mannen en vrouwen";"Totaal mannen en vrouwen";"Totaal mannen en vrouwen";"Totaal mannen en vrouwen";"Totaal mannen en vrouwen";"Totaal mannen en vrouwen";"Totaal mannen en vrouwen";"Totaal mannen en vrouwen";"Totaal mannen en vrouwen";"Totaal mannen en vrouwen";"Totaal mannen en vrouwen";"Totaal mannen en vrouwen";"Totaal mannen en vrouwen";"Totaal mannen en vrouwen";"Totaal mannen en vrouwen";"Totaal mannen en vrouwen";"Totaal mannen en vrouwen";"Totaal mannen en vrouwen";"Totaal mannen en vrouwen";"Totaal mannen en vrouwen";"Totaal mannen en vrouwen";"Totaal mannen en vrouwen";"Totaal mannen en vrouwen";"Totaal mannen en vrouwen";"Totaal mannen en vrouwen";"Totaal mannen en vrouwen";"Totaal mannen en vrouwen";"Totaal mannen en vrouwen";"Totaal mannen en vrouwen";"Totaal mannen en vrouwen";"Totaal mannen en vrouwen";"Totaal mannen en vrouwen";"Totaal mannen en vrouwen";"Totaal mannen en vrouwen";"Totaal mannen en vrouwen";"Totaal mannen en vrouwen";"Totaal mannen en vrouwen";"Totaal mannen en vrouwen";"Totaal mannen en vrouwen";"Totaal mannen en vrouwen";"Totaal mannen en vrouwen";"Totaal mannen en vrouwen";"Totaal mannen en vrouwen";"Totaal mannen en vrouwen";"Totaal mannen en vrouwen";"Totaal mannen en vrouwen";"Totaal mannen en vrouwen";"Totaal mannen en vrouwen";"Totaal mannen en vrouwen";"Totaal mannen en vrouwen";"Totaal mannen en vrouwen";"Totaal mannen en vrouwen";"Totaal mannen en vrouwen";"Totaal mannen en vrouwen";"Totaal mannen en vrouwen";"Totaal mannen en vrouwen";"Totaal mannen en vrouwen";"Totaal mannen en vrouwen";"Totaal mannen en vrouwen";"Totaal mannen en vrouwen";"Totaal mannen en vrouwen";"Totaal mannen en vrouwen";"Totaal mannen en vrouwen";"Totaal mannen en vrouwen";"Totaal mannen en vrouwen";"Totaal mannen en vrouwen";"Totaal mannen en vrouwen";"Totaal mannen en vrouwen";"Totaal mannen en vrouwen";"Totaal mannen en vrouwen";"Totaal mannen en vrouwen";"Totaal mannen en vrouwen";"Totaal mannen en vrouwen";"Totaal mannen en vrouwen";"Totaal mannen en vrouwen";"Totaal mannen en vrouwen";"Totaal mannen en vrouwen";"Totaal mannen en vrouwen";"Totaal mannen en vrouwen";"Totaal mannen en vrouwen";"Totaal mannen en vrouwen";"Totaal mannen en vrouwen";"Totaal mannen en vrouwen";"Totaal mannen en vrouwen";"Totaal mannen en vrouwen";"Totaal mannen en vrouwen";"Totaal mannen en vrouwen";"Totaal mannen en vrouwen";"Totaal mannen en vrouwen";"Totaal mannen en vrouwen";"Totaal mannen en vrouwen";"Totaal mannen en vrouwen";"Totaal mannen en vrouwen";"Totaal mannen en vrouwen";"Totaal mannen en vrouwen";"Totaal mannen en vrouwen";"Totaal mannen en vrouwen";"Totaal mannen en vrouwen";"Totaal mannen en vrouwen";"Totaal mannen en vrouwen";"Totaal mannen en vrouwen";"Totaal mannen en vrouwen";"Totaal mannen en vrouwen"
"";"Burgerlijke staat";"Totaal burgerlijke staat";"Totaal burgerlijke staat";"Totaal burgerlijke staat";"Totaal burgerlijke staat";"Totaal burgerlijke staat";"Totaal burgerlijke staat";"Totaal burgerlijke staat";"Totaal burgerlijke staat";"Totaal burgerlijke staat";"Totaal burgerlijke staat";"Totaal burgerlijke staat";"Totaal burgerlijke staat";"Totaal burgerlijke staat";"Totaal burgerlijke staat";"Totaal burgerlijke staat";"Totaal burgerlijke staat";"Totaal burgerlijke staat";"Totaal burgerlijke staat";"Totaal burgerlijke staat";"Totaal burgerlijke staat";"Totaal burgerlijke staat";"Totaal burgerlijke staat";"Totaal burgerlijke staat";"Totaal burgerlijke staat";"Totaal burgerlijke staat";"Totaal burgerlijke staat";"Totaal burgerlijke staat";"Totaal burgerlijke staat";"Totaal burgerlijke staat";"Totaal burgerlijke staat";"Totaal burgerlijke staat";"Totaal burgerlijke staat";"Totaal burgerlijke staat";"Totaal burgerlijke staat";"Totaal burgerlijke staat";"Totaal burgerlijke staat";"Totaal burgerlijke staat";"Totaal burgerlijke staat";"Totaal burgerlijke staat";"Totaal burgerlijke staat";"Totaal burgerlijke staat";"Totaal burgerlijke staat";"Totaal burgerlijke staat";"Totaal burgerlijke staat";"Totaal burgerlijke staat";"Totaal burgerlijke staat";"Totaal burgerlijke staat";"Totaal burgerlijke staat";"Totaal burgerlijke staat";"Totaal burgerlijke staat";"Totaal burgerlijke staat";"Totaal burgerlijke staat";"Totaal burgerlijke staat";"Totaal burgerlijke staat";"Totaal burgerlijke staat";"Totaal burgerlijke staat";"Totaal burgerlijke staat";"Totaal burgerlijke staat";"Totaal burgerlijke staat";"Totaal burgerlijke staat";"Totaal burgerlijke staat";"Totaal burgerlijke staat";"Totaal burgerlijke staat";"Totaal burgerlijke staat";"Totaal burgerlijke staat";"Totaal burgerlijke staat";"Totaal burgerlijke staat";"Totaal burgerlijke staat";"Totaal burgerlijke staat";"Totaal burgerlijke staat";"Totaal burgerlijke staat";"Totaal burgerlijke staat";"Totaal burgerlijke staat";"Totaal burgerlijke staat";"Totaal burgerlijke staat";"Totaal burgerlijke staat";"Totaal burgerlijke staat";"Totaal burgerlijke staat";"Totaal burgerlijke staat";"Totaal burgerlijke staat";"Totaal burgerlijke staat";"Totaal burgerlijke staat";"Totaal burgerlijke staat";"Totaal burgerlijke staat";"Totaal burgerlijke staat";"Totaal burgerlijke staat";"Totaal burgerlijke staat";"Totaal burgerlijke staat";"Totaal burgerlijke staat";"Totaal burgerlijke staat";"Totaal burgerlijke staat";"Totaal burgerlijke staat";"Totaal burgerlijke staat";"Totaal burgerlijke staat";"Totaal burgerlijke staat";"Totaal burgerlijke staat";"Totaal burgerlijke staat";"Totaal burgerlijke staat";"Totaal burgerlijke staat";"Totaal burgerlijke staat";"Totaal burgerlijke staat";"Totaal burgerlijke staat";"Totaal burgerlijke staat";"Totaal burgerlijke staat";"Totaal burgerlijke staat";"Totaal burgerlijke staat";"Totaal burgerlijke staat";"Totaal burgerlijke staat";"Totaal burgerlijke staat";"Totaal burgerlijke staat";"Totaal burgerlijke staat";"Totaal burgerlijke staat";"Totaal burgerlijke staat";"Totaal burgerlijke staat";"Totaal burgerlijke staat";"Totaal burgerlijke staat";"Totaal burgerlijke staat";"Totaal burgerlijke staat";"Totaal burgerlijke staat";"Totaal burgerlijke staat";"Totaal burgerlijke staat";"Totaal burgerlijke staat";"Totaal burgerlijke staat";"Totaal burgerlijke staat";"Totaal burgerlijke staat";"Totaal burgerlijke staat";"Totaal burgerlijke staat";"Totaal burgerlijke staat";"Totaal burgerlijke staat";"Totaal burgerlijke staat";"Totaal burgerlijke staat";"Totaal burgerlijke staat";"Totaal burgerlijke staat";"Totaal burgerlijke staat";"Totaal burgerlijke staat";"Totaal burgerlijke staat";"Totaal burgerlijke staat";"Totaal burgerlijke staat";"Totaal burgerlijke staat";"Totaal burgerlijke staat";"Totaal burgerlijke staat";"Totaal burgerlijke staat";"Totaal burgerlijke staat";"Totaal burgerlijke staat";"Totaal burgerlijke staat";"Totaal burgerlijke staat";"Totaal burgerlijke staat";"Totaal burgerlijke staat";"Totaal burgerlijke staat";"Totaal burgerlijke staat";"Totaal burgerlijke staat";"Totaal burgerlijke staat";"Totaal burgerlijke staat";"Totaal burgerlijke staat";"Totaal burgerlijke staat";"Totaal burgerlijke staat";"Totaal burgerlijke staat";"Totaal burgerlijke staat";"Totaal burgerlijke staat";"Totaal burgerlijke staat";"Totaal burgerlijke staat";"Totaal burgerlijke staat";"Totaal burgerlijke staat";"Totaal burgerlijke staat";"Totaal burgerlijke staat";"Totaal burgerlijke staat";"Totaal burgerlijke staat";"Totaal burgerlijke staat";"Totaal burgerlijke staat";"Totaal burgerlijke staat";"Totaal burgerlijke staat";"Totaal burgerlijke staat";"Totaal burgerlijke staat";"Totaal burgerlijke staat";"Totaal burgerlijke staat";"Totaal burgerlijke staat";"Totaal burgerlijke staat";"Totaal burgerlijke staat";"Totaal burgerlijke staat";"Totaal burgerlijke staat";"Totaal burgerlijke staat";"Totaal burgerlijke staat";"Totaal burgerlijke staat";"Totaal burgerlijke staat";"Totaal burgerlijke staat";"Totaal burgerlijke staat";"Totaal burgerlijke staat";"Totaal burgerlijke staat";"Totaal burgerlijke staat";"Totaal burgerlijke staat";"Totaal burgerlijke staat";"Totaal burgerlijke staat";"Totaal burgerlijke staat";"Totaal burgerlijke staat";"Totaal burgerlijke staat";"Totaal burgerlijke staat";"Totaal burgerlijke staat";"Totaal burgerlijke staat";"Totaal burgerlijke staat";"Totaal burgerlijke staat";"Totaal burgerlijke staat";"Totaal burgerlijke staat";"Totaal burgerlijke staat";"Totaal burgerlijke staat";"Totaal burgerlijke staat";"Totaal burgerlijke staat";"Totaal burgerlijke staat";"Totaal burgerlijke staat";"Totaal burgerlijke staat";"Totaal burgerlijke staat";"Totaal burgerlijke staat";"Totaal burgerlijke staat";"Totaal burgerlijke staat";"Totaal burgerlijke staat";"Totaal burgerlijke staat";"Totaal burgerlijke staat"
"";"Leeftijd";"Totaal";"0 jaar";"1 jaar";"2 jaar";"3 jaar";"4 jaar";"5 jaar";"6 jaar";"7 jaar";"8 jaar";"9 jaar";"10 jaar";"11 jaar";"12 jaar";"13 jaar";"14 jaar";"15 jaar";"16 jaar";"17 jaar";"18 jaar";"19 jaar";"20 jaar";"21 jaar";"22 jaar";"23 jaar";"24 jaar";"25 jaar";"26 jaar";"27 jaar";"28 jaar";"29 jaar";"30 jaar";"31 jaar";"32 jaar";"33 jaar";"34 jaar";"35 jaar";"36 jaar";"37 jaar";"38 jaar";"39 jaar";"40 jaar";"41 jaar";"42 jaar";"43 jaar";"44 jaar";"45 jaar";"46 jaar";"47 jaar";"48 jaar";"49 jaar";"50 jaar";"51 jaar";"52 jaar";"53 jaar";"54 jaar";"55 jaar";"56 jaar";"57 jaar";"58 jaar";"59 jaar";"60 jaar";"61 jaar";"62 jaar";"63 jaar";"64 jaar";"65 jaar";"66 jaar";"67 jaar";"68 jaar";"69 jaar";"70 jaar";"71 jaar";"72 jaar";"73 jaar";"74 jaar";"75 jaar";"76 jaar";"77 jaar";"78 jaar";"79 jaar";"80 jaar";"81 jaar";"82 jaar";"83 jaar";"84 jaar";"85 jaar";"86 jaar";"87 jaar";"88 jaar";"89 jaar";"90 jaar";"91 jaar";"92 jaar";"93 jaar";"94 jaar";"95 jaar of ouder";"95 jaar";"96 jaar";"97 jaar";"98 jaar";"99 jaar";"100 jaar";"101 jaar";"102 jaar";"103 jaar";"104 jaar";"105 jaar of ouder";"Totaal";"0 jaar";"1 jaar";"2 jaar";"3 jaar";"4 jaar";"5 jaar";"6 jaar";"7 jaar";"8 jaar";"9 jaar";"10 jaar";"11 jaar";"12 jaar";"13 jaar";"14 jaar";"15 jaar";"16 jaar";"17 jaar";"18 jaar";"19 jaar";"20 jaar";"21 jaar";"22 jaar";"23 jaar";"24 jaar";"25 jaar";"26 jaar";"27 jaar";"28 jaar";"29 jaar";"30 jaar";"31 jaar";"32 jaar";"33 jaar";"34 jaar";"35 jaar";"36 jaar";"37 jaar";"38 jaar";"39 jaar";"40 jaar";"41 jaar";"42 jaar";"43 jaar";"44 jaar";"45 jaar";"46 jaar";"47 jaar";"48 jaar";"49 jaar";"50 jaar";"51 jaar";"52 jaar";"53 jaar";"54 jaar";"55 jaar";"56 jaar";"57 jaar";"58 jaar";"59 jaar";"60 jaar";"61 jaar";"62 jaar";"63 jaar";"64 jaar";"65 jaar";"66 jaar";"67 jaar";"68 jaar";"69 jaar";"70 jaar";"71 jaar";"72 jaar";"73 jaar";"74 jaar";"75 jaar";"76 jaar";"77 jaar";"78 jaar";"79 jaar";"80 jaar";"81 jaar";"82 jaar";"83 jaar";"84 jaar";"85 jaar";"86 jaar";"87 jaar";"88 jaar";"89 jaar";"90 jaar";"91 jaar";"92 jaar";"93 jaar";"94 jaar";"95 jaar of ouder";"95 jaar";"96 jaar";"97 jaar";"98 jaar";"99 jaar";"100 jaar";"101 jaar";"102 jaar";"103 jaar";"104 jaar";"105 jaar of ouder"
"Regio's";"Perioden";"aantal";"aantal";"aantal";"aantal";"aantal";"aantal";"aantal";"aantal";"aantal";"aantal";"aantal";"aantal";"aantal";"aantal";"aantal";"aantal";"aantal";"aantal";"aantal";"aantal";"aantal";"aantal";"aantal";"aantal";"aantal";"aantal";"aantal";"aantal";"aantal";"aantal";"aantal";"aantal";"aantal";"aantal";"aantal";"aantal";"aantal";"aantal";"aantal";"aantal";"aantal";"aantal";"aantal";"aantal";"aantal";"aantal";"aantal";"aantal";"aantal";"aantal";"aantal";"aantal";"aantal";"aantal";"aantal";"aantal";"aantal";"aantal";"aantal";"aantal";"aantal";"aantal";"aantal";"aantal";"aantal";"aantal";"aantal";"aantal";"aantal";"aantal";"aantal";"aantal";"aantal";"aantal";"aantal";"aantal";"aantal";"aantal";"aantal";"aantal";"aantal";"aantal";"aantal";"aantal";"aantal";"aantal";"aantal";"aantal";"aantal";"aantal";"aantal";"aantal";"aantal";"aantal";"aantal";"aantal";"aantal";"aantal";"aantal";"aantal";"aantal";"aantal";"aantal";"aantal";"aantal";"aantal";"aantal";"aantal";"aantal";"aantal";"aantal";"aantal";"aantal";"aantal";"aantal";"aantal";"aantal";"aantal";"aantal";"aantal";"aantal";"aantal";"aantal";"aantal";"aantal";"aantal";"aantal";"aantal";"aantal";"aantal";"aantal";"aantal";"aantal";"aantal";"aantal";"aantal";"aantal";"aantal";"aantal";"aantal";"aantal";"aantal";"aantal";"aantal";"aantal";"aantal";"aantal";"aantal";"aantal";"aantal";"aantal";"aantal";"aantal";"aantal";"aantal";"aantal";"aantal";"aantal";"aantal";"aantal";"aantal";"aantal";"aantal";"aantal";"aantal";"aantal";"aantal";"aantal";"aantal";"aantal";"aantal";"aantal";"aantal";"aantal";"aantal";"aantal";"aantal";"aantal";"aantal";"aantal";"aantal";"aantal";"aantal";"aantal";"aantal";"aantal";"aantal";"aantal";"aantal";"aantal";"aantal";"aantal";"aantal";"aantal";"aantal";"aantal";"aantal";"aantal";"aantal";"aantal";"aantal";"aantal";"aantal";"aantal";"aantal";"aantal";"aantal";"aantal";"aantal";"aantal";"aantal";"aantal";"aantal";"aantal";"aantal";"aantal"
"Nederland";"1988";"14714948";"185917";"184173";"178994";"175743";"171390";"173149";"179279";"182482";"177254";"178279";"176401";"180149";"182392";"191976";"201130";"220650";"234758";"246903";"255820";"245472";"245989";"248613";"254511";"261497";"259515";"256491";"256733";"250537";"250781";"244640";"241408";"238627";"234290";"232553";"230465";"231630";"225189";"227166";"231485";"240209";"253850";"263039";"189934";"199452";"189606";"175256";"167468";"171965";"166073";"163189";"153954";"153255";"150082";"148998";"145963";"149634";"146269";"148482";"141514";"140641";"135229";"134872";"133276";"133442";"134798";"129033";"127903";"127498";"105182";"99838";"100168";"97803";"93379";"94818";"89894";"85124";"76352";"73053";"70108";"64111";"58731";"52888";"47838";"42905";"37272";"32803";"27929";"22606";"19012";"15434";"12499";"10052";"7385";"5528";"4268";"8653";".";".";".";".";".";".";".";".";".";".";".";".";".";".";".";".";".";".";".";".";".";".";".";".";".";".";".";".";".";".";".";".";".";".";".";".";".";".";".";".";".";".";".";".";".";".";".";".";".";".";".";".";".";".";".";".";".";".";".";".";".";".";".";".";".";".";".";".";".";".";".";".";".";".";".";".";".";".";".";".";".";".";".";".";".";".";".";".";".";".";".";".";".";".";".";".";".";".";".";".";".";".";".";".";".";".";".";".";".";".";".";".";".";".";".";".";".";".";"."
"Nederland";"1989";"14805240";"185791";"186451";"184849";"179523";"176209";"171816";"173419";"179517";"182842";"177605";"178724";"176899";"180571";"182857";"192515";"201890";"221450";"235982";"248400";"257391";"246999";"247176";"250003";"255859";"262798";"260664";"257436";"257377";"251265";"251419";"244994";"241512";"238982";"234538";"232617";"230606";"231716";"225211";"227198";"231371";"239977";"253573";"262633";"189619";"198999";"189166";"174803";"167064";"171399";"165497";"162451";"153190";"152404";"149193";"148233";"145042";"148419";"145262";"147291";"140263";"139171";"133746";"133289";"131546";"131561";"132533";"126793";"125495";"124803";"102767";"97348";"97397";"94759";"90208";"91223";"86316";"81474";"72611";"69057";"65869";"59933";"54449";"48641";"43567";"38777";"33288";"28976";"24415";"19474";"16195";"12889";"10230";"8045";"5825";"4297";"9353";".";".";".";".";".";".";".";".";".";".";".";".";".";".";".";".";".";".";".";".";".";".";".";".";".";".";".";".";".";".";".";".";".";".";".";".";".";".";".";".";".";".";".";".";".";".";".";".";".";".";".";".";".";".";".";".";".";".";".";".";".";".";".";".";".";".";".";".";".";".";".";".";".";".";".";".";".";".";".";".";".";".";".";".";".";".";".";".";".";".";".";".";".";".";".";".";".";".";".";".";".";".";".";".";".";".";".";".";".";".";".";".";".";".";".";".";".";".";"."
"Nederland";"1990";"14892574";"187501";"186372";"187262";"185773";"180192";"176810";"172457";"174256";"180266";"183606";"178322";"179469";"177640";"181323";"183620";"193557";"203076";"222896";"237737";"250070";"258917";"248212";"248231";"251239";"257172";"263735";"261231";"257801";"257441";"251059";"251301";"245058";"241475";"238743";"234286";"232399";"230406";"231399";"224945";"227078";"231253";"239700";"253318";"262208";"189341";"198513";"188843";"174389";"166645";"171061";"165029";"161745";"152460";"151514";"148447";"147149";"144065";"147540";"143900";"145786";"138823";"137653";"132149";"131471";"129615";"129431";"130177";"124462";"122991";"121998";"100284";"94623";"94477";"91622";"86953";"87577";"82393";"77520";"68595";"64806";"61384";"55509";"49974";"44301";"39184";"34571";"29292";"25026";"20761";"16345";"13272";"10305";"8036";"6147";"4375";"9233";".";".";".";".";".";".";".";".";".";".";".";".";".";".";".";".";".";".";".";".";".";".";".";".";".";".";".";".";".";".";".";".";".";".";".";".";".";".";".";".";".";".";".";".";".";".";".";".";".";".";".";".";".";".";".";".";".";".";".";".";".";".";".";".";".";".";".";".";".";".";".";".";".";".";".";".";".";".";".";".";".";".";".";".";".";".";".";".";".";".";".";".";".";".";".";".";".";".";".";".";".";".";".";".";".";".";".";".";".";".";".";".";".";".";".";".";".";".";"."
"Nederland";"1991";"15010445";"197281";"188483";"187205";"187982";"186465";"180937";"177419";"173058";"174830";"180973";"184264";"178984";"180173";"178252";"182027";"184511";"194670";"204290";"224603";"239757";"252062";"260792";"250258";"250301";"253354";"259334";"265674";"262918";"259318";"258607";"252345";"252347";"245926";"242228";"239410";"234830";"232871";"230700";"231681";"225067";"227162";"231205";"239622";"253099";"261884";"188994";"198145";"188393";"173976";"166199";"170475";"164324";"160949";"151672";"150737";"147577";"146186";"143024";"146322";"142607";"144404";"137381";"136111";"130499";"129669";"127699";"127234";"127692";"122048";"120119";"119091";"97621";"91679";"91422";"88231";"83460";"83785";"78468";"73294";"64551";"60502";"56887";"51119";"45617";"39919";"34971";"30535";"25415";"21440";"17495";"13586";"10838";"8227";"6298";"4693";"9706";".";".";".";".";".";".";".";".";".";".";".";".";".";".";".";".";".";".";".";".";".";".";".";".";".";".";".";".";".";".";".";".";".";".";".";".";".";".";".";".";".";".";".";".";".";".";".";".";".";".";".";".";".";".";".";".";".";".";".";".";".";".";".";".";".";".";".";".";".";".";".";".";".";".";".";".";".";".";".";".";".";".";".";".";".";".";".";".";".";".";".";".";".";".";".";".";".";".";".";".";".";".";".";".";".";".";".";".";".";".";".";".";".";".";".";".";".";".";"."
"Nederland";"1992";"15129150";"197778";"197969";"189638";"187902";"188752";"187152";"181751";"178173";"173696";"175563";"181732";"185047";"179798";"180909";"179054";"182994";"185603";"195922";"205997";"226809";"241692";"253892";"262717";"252487";"252438";"255237";"261092";"267299";"264202";"260567";"259580";"253494";"253128";"246649";"242831";"239957";"235324";"233105";"230983";"231889";"225222";"227306";"231189";"239533";"252910";"261495";"188713";"197773";"188118";"173516";"165733";"169782";"163677";"160289";"150957";"150043";"146696";"145273";"142028";"145126";"141341";"142940";"135834";"134477";"128681";"127885";"125535";"124962";"125225";"119359";"117271";"115856";"94805";"88649";"88145";"84883";"79785";"79781";"74281";"68986";"60315";"56155";"52365";"46667";"41161";"35589";"30865";"26433";"21673";"17957";"14509";"10991";"8551";"6365";"4745";"9947";".";".";".";".";".";".";".";".";".";".";".";".";".";".";".";".";".";".";".";".";".";".";".";".";".";".";".";".";".";".";".";".";".";".";".";".";".";".";".";".";".";".";".";".";".";".";".";".";".";".";".";".";".";".";".";".";".";".";".";".";".";".";".";".";".";".";".";".";".";".";".";".";".";".";".";".";".";".";".";".";".";".";".";".";".";".";".";".";".";".";".";".";".";".";".";".";".";".";".";".";".";".";".";".";".";".";".";".";".";".";".";".";".";".";".";".";".";".";"."
"Nederland";"1993";"15239182";"195981";"198460";"198690";"190335";"188621";"189439";"187782";"182333";"178783";"174389";"176193";"182364";"185692";"180450";"181549";"179787";"183890";"186651";"197342";"207739";"228421";"243254";"255774";"264880";"254477";"254199";"256865";"262634";"268688";"265598";"261489";"260283";"254192";"253514";"247148";"243242";"240274";"235472";"233172";"231086";"231916";"225119";"227178";"231022";"239236";"252580";"261084";"188339";"197292";"187555";"172921";"165022";"169060";"162874";"159480";"150133";"149138";"145735";"144178";"140884";"143713";"139889";"141361";"134132";"132682";"126760";"125794";"123362";"122486";"122591";"116505";"114148";"112495";"91815";"85457";"84819";"81125";"75995";"75696";"70088";"64586";"56027";"51811";"47879";"42297";"36854";"31423";"26990";"22688";"18351";"14970";"11869";"8735";"6689";"4839";"10383";".";".";".";".";".";".";".";".";".";".";".";".";".";".";".";".";".";".";".";".";".";".";".";".";".";".";".";".";".";".";".";".";".";".";".";".";".";".";".";".";".";".";".";".";".";".";".";".";".";".";".";".";".";".";".";".";".";".";".";".";".";".";".";".";".";".";".";".";".";".";".";".";".";".";".";".";".";".";".";".";".";".";".";".";".";".";".";".";".";".";".";".";".";".";".";".";".";".";".";".";".";".";".";".";".";".";".";".";".";".";".";".";".";".";".";".";".";".";"."
"Nederland";"1994";"15341553";"194974";"196679";"199385";"199496";"191282";"189359";"190132";"188501";"183153";"179560";"175259";"177008";"183198";"186514";"181232";"182400";"180781";"185052";"188183";"199006";"209390";"230267";"245005";"257846";"266726";"256139";"255511";"258237";"263997";"269806";"266255";"262207";"260811";"254828";"253818";"247632";"243646";"240437";"235649";"233223";"231018";"231925";"225033";"226957";"230873";"238914";"252102";"260454";"187851";"196706";"186799";"172291";"164334";"168280";"162106";"158636";"149201";"148077";"144576";"142883";"139525";"142287";"138302";"139543";"132302";"130684";"124643";"123453";"120793";"119849";"119655";"113351";"110743";"108726";"88471";"82070";"81044";"77154";"71882";"71181";"65501";"59811";"51359";"47285";"43057";"37582";"32362";"27231";"22934";"18930";"14978";"11947";"9256";"6660";"4980";"10422";".";".";".";".";".";".";".";".";".";".";".";".";".";".";".";".";".";".";".";".";".";".";".";".";".";".";".";".";".";".";".";".";".";".";".";".";".";".";".";".";".";".";".";".";".";".";".";".";".";".";".";".";".";".";".";".";".";".";".";".";".";".";".";".";".";".";".";".";".";".";".";".";".";".";".";".";".";".";".";".";".";".";".";".";".";".";".";".";".";".";".";".";".";".";".";".";".";".";".";".";".";".";".";".";".";".";".";".";".";".";".";".";".";".";".";".";".";".";"."
"Nederland";"1995";"15424122";"195920";"195419";"197233";"200037";"200100";"191897";"189858";"190724";"189086";"183723";"180099";"175828";"177571";"183791";"187081";"181750";"183156";"181708";"186019";"189155";"199909";"210155";"231042";"245679";"258405";"267260";"256564";"255645";"258312";"264152";"269893";"266309";"262123";"260836";"254575";"253637";"247474";"243419";"240284";"235480";"232907";"230739";"231649";"224579";"226519";"230375";"238313";"251401";"259660";"187261";"195923";"185965";"171542";"163489";"167346";"161177";"157604";"148104";"146859";"143379";"141537";"138059";"140663";"136570";"137618";"130313";"128578";"122430";"120995";"118211";"117016";"116543";"110062";"107245";"104832";"84978";"78503";"77263";"73164";"67686";"66677";"60933";"55115";"46975";"42861";"38425";"33307";"28351";"23444";"19413";"15657";"12236";"9444";"7234";"5010";"10675";".";".";".";".";".";".";".";".";".";".";".";"15459005,5";"95368,0";"196119,5";"195618,5";"197393,5";"200258,0";"200276,0";"192115,5";"190066,0";"190950,0";"189318,5";"183932,0";"180300,0";"176070,0";"177776,0";"183991,5";"187344,0";"182085,0";"183584,5";"182224,5";"186513,5";"189552,5";"200366,5";"210546,0";"231476,5";"246008,0";"258669,5";"267400,0";"256723,5";"255739,0";"258386,0";"264108,5";"269838,0";"266204,5";"262016,5";"260653,5";"254501,5";"253510,0";"247332,5";"243270,5";"240130,5";"235259,0";"232734,0";"230533,5";"231365,5";"224361,0";"226257,5";"230087,5";"237944,0";"250989,5";"259188,5";"186876,0";"195431,0";"185492,0";"171097,5";"163030,0";"166907,0";"160663,5";"157050,0";"147521,0";"146237,0";"142694,0";"140786,0";"137302,0";"139784,0";"135643,0";"136533,5";"129175,0";"127386,5";"121174,5";"119655,5";"116765,0";"115517,0";"114838,0";"108354,0";"105383,0";"102805,0";"83109,0";"76631,0";"75204,5";"71042,5";"65554,0";"64322,0";"58518,5";"52656,0";"44716,5";"40619,0";"36163,0";"31143,5";"26277,5";"21634,0";"17708,0";"14171,5";"10952,5";"8403,5";"6379,5";"13240,5";".";".";".";".";".";".";".";".";".";".";"."
"Nederland";"1996";"15493889";"190736";"196319";"195818";"197554";"200479";"200452";"192334";"190274";"191176";"189551";"184141";"180501";"176312";"177981";"184192";"187607";"182420";"184013";"182741";"187008";"189950";"200824";"210937";"231911";"246337";"258934";"267540";"256883";"255833";"258460";"264065";"269783";"266100";"261910";"260471";"254428";"253383";"247191";"243122";"239977";"235038";"232561";"230328";"231082";"224143";"225996";"229800";"237575";"250578";"258717";"186491";"194939";"185019";"170653";"162571";"166468";"160150";"156496";"146938";"145615";"142009";"140035";"136545";"138905";"134716";"135449";"128037";"126195";"119919";"118316";"115319";"114018";"113133";"106646";"103521";"100778";"81240";"74759";"73146";"68921";"63422";"61967";"56104";"50199";"42457";"38376";"33901";"28980";"24204";"19824";"16003";"12686";"9669";"7363";"5525";"10796";".";".";".";".";".";".";".";".";".";".";".";"15530498,0";"95105,0";"191104,0";"196557,0";"196025,0";"197809,0";"200683,0";"200708,0";"192616,5";"190535,5";"191427,0";"189861,5";"184445,5";"180799,5";"176553,5";"178273,5";"184499,0";"188007,0";"182861,5";"184587,0";"183533,0";"187606,5";"190558,0";"201531,5";"211644,5";"232633,0";"246844,0";"259442,0";"267952,0";"257147,0";"255985,5";"258532,5";"263977,0";"269779,5";"266061,0";"261797,5";"260332,0";"254313,5";"253128,0";"246992,5";"242933,0";"239753,0";"234784,0";"232290,5";"229984,0";"230798,0";"223838,0";"225681,5";"229378,0";"237106,0";"250075,5";"258156,0";"186000,0";"194414,5";"184474,5";"170161,0";"162059,5";"165914,5";"159562,0";"155832,5";"146317,5";"144887,5";"141236,5";"139300,0";"135651,0";"137951,5";"133696,0";"134336,5";"126816,0";"124909,0";"118599,0";"116948,0";"113769,0";"112382,5";"111317,0";"104762,0";"101555,0";"98570,5";"79317,0";"72784,5";"71037,0";"66647,5";"61224,5";"59596,5";"53598,0";"47775,0";"40214,0";"36125,5";"31713,0";"26900,0";"22283,5";"18103,5";"14492,0";"11344,0";"8590,5";"6439,0";"13864,0";".";".";".";".";".";".";".";".";".";".";"."
"Nederland";"1997";"15567107";"190218";"191467";"196786";"196222";"198070";"200887";"200966";"192892";"190798";"191678";"190170";"184745";"181090";"176792";"178572";"184805";"188425";"183295";"185170";"184316";"188198";"191161";"202241";"212349";"233359";"247347";"259938";"268359";"257403";"256133";"258603";"263879";"269761";"266015";"261670";"260190";"254190";"252866";"246795";"242738";"239526";"234534";"232026";"229636";"230517";"223536";"225366";"228963";"236638";"249582";"257600";"185513";"193890";"183932";"169676";"161555";"165368";"158977";"155177";"145701";"144166";"140463";"138574";"134779";"137014";"132686";"133232";"125593";"123624";"117280";"115578";"112221";"110750";"109501";"102885";"99589";"96362";"77389";"70804";"68926";"64375";"59026";"57225";"51092";"45350";"37970";"33872";"29527";"24821";"20363";"16383";"12980";"10003";"7512";"5516";"11404";".";".";".";".";".";".";".";".";".";".";".";"15610649,5";"96154,0";"190704,5";"191678,5";"197015,5";"196477,0";"198335,0";"201031,5";"201243,5";"193151,0";"191100,5";"191967,0";"190483,0";"185047,5";"181385,5";"177080,5";"178987,0";"185348,5";"189001,5";"183958,0";"185958,5";"184995,5";"188894,0";"191936,5";"203021,0";"213052,0";"234010,5";"247859,0";"260475,0";"268812,0";"257793,0";"256451,0";"258801,0";"264062,0";"269855,5";"266129,5";"261723,0";"260134,5";"254178,5";"252800,5";"246717,0";"242595,5";"239382,0";"234395,0";"231909,5";"229416,5";"230332,5";"223266,0";"225063,0";"228666,5";"236267,0";"249133,0";"257108,0";"185129,0";"193443,5";"183472,0";"169228,5";"161093,0";"164790,5";"158391,5";"154509,5";"145067,5";"143445,0";"139737,0";"137786,5";"133926,5";"135940,5";"131638,0";"132070,0";"124379,0";"122336,0";"115905,5";"114118,5";"110634,5";"109057,0";"107611,0";"100936,5";"97500,0";"94232,5";"75380,5";"68778,0";"66752,5";"62070,0";"56759,5";"54793,0";"48673,0";"42969,5";"35845,0";"31715,0";"27408,0";"22855,0";"18641,0";"14821,5";"11673,0";"8868,5";"6586,5";"14337,5";".";".";".";".";".";".";".";".";".";".";"."
"Nederland";"1998";"15654192";"192308";"191191";"191890";"197246";"196732";"198600";"201177";"201520";"193410";"191403";"192255";"190796";"185351";"181681";"177370";"179402";"185892";"189578";"184621";"186747";"185675";"189590";"192712";"203801";"213755";"234662";"248371";"261013";"269265";"258183";"256769";"258998";"264244";"269950";"266242";"261777";"260079";"254167";"252734";"246638";"242453";"239238";"234256";"231793";"229197";"230149";"222997";"224760";"228370";"235896";"248684";"256616";"184745";"192997";"183012";"168781";"160631";"164213";"157806";"153842";"144434";"142724";"139011";"136999";"133074";"134867";"130590";"130908";"123165";"121048";"114531";"112659";"109048";"107364";"105721";"98988";"95411";"92103";"73372";"66752";"64579";"59765";"54493";"52361";"46254";"40589";"33720";"29558";"25289";"20889";"16919";"13260";"10366";"7734";"5661";"11755";".";".";".";".";".";".";".";".";".";".";".";"15707208,5";"99864,0";"193042,5";"191627,0";"192249,5";"197622,0";"197067,5";"198889,0";"201480,0";"201837,5";"193721,5";"191776,0";"192620,0";"191166,5";"185702,0";"182070,5";"177805,5";"180190,0";"186654,0";"190295,5";"185452,0";"187438,0";"186487,5";"190454,0";"193767,5";"204839,0";"214641,0";"235449,0";"249087,0";"261668,0";"269799,0";"258687,0";"257204,5";"259339,0";"264533,0";"270211,0";"266432,0";"261953,5";"260167,5";"254287,0";"252744,5";"246658,0";"242433,0";"239164,0";"234163,5";"231638,5";"229004,0";"229947,5";"222742,0";"224479,0";"227990,5";"235535,5";"248211,0";"256079,5";"184328,0";"192530,5";"182545,0";"168303,5";"160125,5";"163678,5";"157212,5";"153200,0";"143781,0";"141950,5";"138211,5";"136111,0";"132132,0";"133801,5";"129448,5";"129608,0";"121886,0";"119732,5";"113087,5";"111125,0";"107358,5";"105508,5";"103747,5";"96981,5";"93265,5";"89783,5";"71349,5";"64691,0";"62341,5";"57480,0";"52166,5";"49894,0";"43833,0";"38248,5";"31537,5";"27492,5";"23301,0";"19080,5";"15280,0";"11928,0";"9187,5";"6821,0";"14765,5";".";".";".";".";".";".";".";".";".";".";"."
"Nederland";"1999";"15760225";"199728";"193777";"192063";"192609";"197998";"197403";"199178";"201783";"202155";"194033";"192149";"192985";"191537";"186053";"182460";"178241";"180978";"187416";"191013";"186283";"188129";"187300";"191318";"194823";"205877";"215527";"236236";"249803";"262323";"270333";"259191";"257640";"259680";"264822";"270472";"266622";"262130";"260256";"254407";"252755";"246678";"242413";"239090";"234070";"231485";"228812";"229745";"222487";"224198";"227611";"235175";"247738";"255543";"183911";"192064";"182078";"167826";"159620";"163144";"156619";"152558";"143128";"141177";"137412";"135223";"131190";"132736";"128307";"128308";"120607";"118417";"111644";"109591";"105669";"103653";"101774";"94975";"91120";"87464";"69327";"62630";"60104";"55195";"49840";"47427";"41412";"35908";"29355";"25427";"21313";"17272";"13641";"10596";"8009";"5908";"12115";".";".";".";".";".";".";".";".";".";".";".";"15812087,5";"100874,0";"200372,5";"194162,0";"192454,0";"192971,5";"198290,0";"197691,5";"199489,5";"202126,0";"202496,5";"194391,0";"192489,0";"193336,0";"191901,5";"186452,0";"183052,0";"179003,5";"181711,5";"188148,0";"191871,5";"186924,0";"188918,5";"188155,0";"192182,0";"195690,0";"206688,0";"216273,5";"236945,0";"250324,5";"262787,5";"270647,0";"259501,0";"257884,5";"259960,0";"265042,5";"270614,0";"266767,0";"262252,5";"260340,5";"254441,0";"252727,0";"246621,0";"242347,5";"238993,0";"233985,0";"231331,0";"228607,0";"229531,0";"222212,0";"223898,0";"227238,0";"234727,5";"247251,0";"254969,0";"183466,5";"191545,0";"181565,5";"167315,5";"159081,0";"162582,0";"155950,0";"151840,5";"142392,0";"140425,0";"136565,5";"134241,0";"130175,5";"131641,0";"127103,5";"126961,0";"119249,0";"116953,5";"110120,0";"107940,0";"103887,0";"101741,0";"99732,5";"92800,5";"88829,0";"85016,0";"67239,5";"60489,5";"57778,0";"52867,5";"47486,5";"44935,0";"39044,0";"33566,0";"27278,0";"23400,0";"19466,0";"15600,0";"12185,0";"9387,5";"6980,0";"15206,5";".";".";".";".";".";".";".";".";".";".";"."
"Nederland";"2000";"15863950";"201748";"201017";"194547";"192845";"193334";"198582";"197980";"199801";"202469";"202838";"194749";"192829";"193687";"192266";"186851";"183644";"179766";"182445";"188880";"192730";"187565";"189708";"189010";"193046";"196557";"207499";"217020";"237654";"250846";"263252";"270961";"259811";"258129";"260240";"265263";"270756";"266912";"262375";"260425";"254475";"252699";"246564";"242282";"238896";"233900";"231177";"228402";"229317";"221937";"223598";"226865";"234280";"246764";"254395";"183022";"191026";"181053";"166805";"158542";"162020";"155281";"151123";"141656";"139673";"135719";"133259";"129161";"130546";"125900";"125614";"117891";"115490";"108596";"106289";"102105";"99829";"97691";"90626";"86538";"82568";"65152";"58349";"55452";"50540";"45133";"42443";"36676";"31224";"25201";"21373";"17619";"13928";"10729";"8179";"5951";"12390";".";".";".";".";".";".";".";".";".";".";".";"15925512,5";"103547,5";"202450,5";"201402,0";"194941,5";"193277,0";"193688,5";"198927,0";"198332,0";"200197,5";"202856,0";"203271,5";"195169,5";"193271,5";"194089,5";"192693,0";"187488,5";"184557,5";"180667,5";"183447,0";"189897,0";"193642,0";"188528,5";"190862,5";"190113,5";"194234,5";"197636,0";"208506,5";"217986,0";"238500,5";"251573,0";"263980,5";"271488,0";"260337,0";"258597,0";"260577,5";"265650,0";"270969,5";"267108,0";"262534,0";"260614,0";"254606,0";"252823,5";"246553,5";"242298,5";"238842,0";"233751,0";"231022,0";"228203,5";"229047,5";"221675,0";"223325,5";"226522,0";"233875,5";"246238,5";"253862,0";"182559,5";"190491,5";"180517,0";"166270,5";"157947,5";"161387,5";"154618,5";"150399,0";"140884,0";"138862,5";"134822,0";"132228,0";"128096,0";"129376,5";"124684,0";"124253,0";"116474,0";"113946,0";"106959,0";"104574,5";"100236,5";"97822,5";"95542,5";"88402,5";"84133,5";"80008,0";"62932,0";"56101,0";"53113,0";"48028,0";"42757,5";"40006,0";"34324,0";"28998,5";"23253,0";"19550,5";"15963,5";"12469,5";"9509,5";"7183,5";"15570,5";".";".";".";".";".";".";".";".";".";".";"."
"Nederland";"2001";"15987075";"207097";"203155";"201787";"195335";"193711";"194042";"199270";"198685";"200591";"203240";"203705";"195589";"193715";"194493";"193123";"188122";"185472";"181570";"184444";"190907";"194546";"189491";"192012";"191214";"195428";"198711";"209514";"218952";"239346";"252298";"264709";"272017";"260868";"259067";"260918";"266036";"271180";"267304";"262689";"260804";"254734";"252948";"246541";"242316";"238789";"233601";"230868";"228005";"228776";"221417";"223052";"226178";"233472";"245712";"253328";"182096";"189958";"179983";"165738";"157354";"160755";"153956";"149675";"140113";"138052";"133928";"131199";"127030";"128209";"123469";"122892";"115059";"112401";"105323";"102861";"98370";"95818";"93395";"86179";"81731";"77447";"60712";"53853";"50774";"45517";"40383";"37569";"31973";"26773";"21306";"17731";"14309";"11011";"8290";"6189";"12800";".";".";".";".";".";".";".";".";".";".";".";"16046180,0";"102018,0";"207825,0";"203484,5";"202046,0";"195621,5";"193973,0";"194332,5";"199559,5";"198994,5";"200908,0";"203596,0";"204045,5";"196004,5";"194051,0";"194868,5";"193668,5";"188940,0";"186558,0";"182729,0";"185665,5";"191960,5";"195672,0";"190728,0";"193361,0";"192543,5";"196630,0";"199892,5";"210531,0";"219881,0";"240087,5";"252970,0";"265293,0";"272418,5";"261260,0";"259361,0";"261149,5";"266306,5";"271249,5";"267441,5";"262731,5";"260828,0";"254754,0";"252975,0";"246489,5";"242224,5";"238635,5";"233407,0";"230625,5";"227719,0";"228507,5";"221066,5";"222676,0";"225758,0";"232969,5";"245164,5";"252722,0";"181573,5";"189391,0";"179313,5";"165122,0";"156701,0";"160083,5";"153211,0";"148963,0";"139309,0";"137152,0";"132981,5";"130123,5";"125917,0";"126955,0";"122138,0";"121426,0";"113542,5";"110721,5";"103600,0";"101027,0";"96442,0";"93692,5";"91067,5";"83859,5";"79293,0";"74860,5";"58448,5";"51559,0";"48391,0";"43194,5";"38116,5";"35176,0";"29759,0";"24684,0";"19470,5";"16065,5";"12845,0";"9778,5";"7264,0";"16082,5";".";".";".";".";".";".";".";".";".";".";"."
"Nederland";"2002";"16105285";"204039";"208553";"203816";"202305";"195909";"194237";"194624";"199848";"199304";"201225";"203950";"204386";"196420";"194387";"195245";"194216";"189757";"187642";"183888";"186885";"193014";"196798";"191963";"194708";"193873";"197832";"201074";"211547";"220810";"240831";"253643";"265876";"272821";"261651";"259654";"261381";"266577";"271319";"267578";"262777";"260852";"254773";"253002";"246436";"242133";"238481";"233211";"230382";"227433";"228239";"220717";"222300";"225340";"232467";"244618";"252116";"181051";"188824";"178644";"164506";"156048";"159413";"152466";"148251";"138505";"136252";"132035";"129049";"124804";"125701";"120807";"119960";"112026";"109042";"101877";"99193";"94514";"91567";"88740";"81540";"76855";"72274";"56185";"49264";"46008";"40872";"35850";"32783";"27545";"22595";"17635";"14400";"11381";"8546";"6238";"13176";".";".";".";".";".";".";".";".";".";".";".";"16148928,5";"101193,0";"204595,0";"208693,0";"203867,5";"202314,5";"195938,5";"194279,0";"194693,5";"199965,5";"199443,5";"201397,5";"204156,0";"204615,0";"196683,0";"194711,0";"195720,0";"194944,5";"190632,0";"188613,0";"184920,0";"187684,5";"193940,0";"197870,5";"192989,5";"195613,5";"194725,5";"198577,0";"201606,5";"212053,5";"221195,0";"241011,0";"253724,5";"265908,5";"272762,0";"261615,0";"259596,5";"261309,5";"266376,0";"271108,5";"267335,5";"262641,0";"260652,5";"254525,0";"252760,0";"246181,0";"241822,0";"238154,5";"232909,5";"230015,0";"227049,0";"227795,0";"220230,5";"221801,5";"224790,0";"231824,5";"243911,5";"251338,0";"180429,5";"188149,0";"177989,0";"163800,0";"155316,0";"158648,0";"151634,5";"147347,0";"137558,0";"135268,5";"130950,5";"127891,0";"123586,5";"124331,5";"119391,5";"118393,5";"110341,5";"107238,5";"100063,5";"97230,5";"92431,5";"89303,0";"86299,5";"79068,5";"74182,0";"69579,5";"53885,0";"46886,0";"43569,5";"38564,0";"33566,0";"30413,0";"25408,0";"20661,5";"15936,5";"12845,5";"10074,5";"7477,0";"16442,0";".";".";".";".";".";".";".";".";".";".";"."
"Nederland";"2003";"16192572";"202386";"205151";"208833";"203919";"202324";"195968";"194321";"194763";"200083";"199583";"201570";"204362";"204844";"196946";"195035";"196195";"195673";"191507";"189584";"185952";"188484";"194866";"198943";"194016";"196519";"195578";"199322";"202139";"212560";"221580";"241191";"253806";"265941";"272703";"261579";"259539";"261238";"266175";"270898";"267093";"262505";"260453";"254277";"252518";"245926";"241511";"237828";"232608";"229648";"226665";"227351";"219744";"221303";"224240";"231182";"243205";"250560";"179808";"187474";"177334";"163094";"154584";"157883";"150803";"146443";"136611";"134285";"129866";"126733";"122369";"122962";"117976";"116827";"108657";"105435";"98250";"95268";"90349";"87039";"83859";"76597";"71509";"66885";"51585";"44508";"41131";"36256";"31282";"28043";"23271";"18728";"14238";"11291";"8768";"6408";"13470";".";".";".";".";".";".";".";".";".";".";".";"16225302,0";"100390,5";"202724,5";"205101,5";"208719,5";"203816,5";"202164,5";"195870,0";"194217,0";"194696,0";"200026,5";"199599,0";"201618,0";"204423,5";"204950,0";"197061,5";"195172,5";"196356,0";"195904,5";"192132,5";"190358,0";"186512,0";"189165,0";"195615,0";"199621,0";"194649,0";"197085,0";"196031,0";"199554,5";"202319,0";"212670,0";"221572,0";"241096,5";"253630,0";"265758,0";"272436,0";"261310,5";"259285,0";"260933,0";"265932,0";"270623,0";"266782,5";"262200,5";"260120,5";"253895,5";"252158,0";"245575,5";"241035,0";"237439,0";"232213,0";"229160,5";"226148,0";"226813,5";"219218,5";"220670,0";"223613,0";"230474,0";"242465,0";"249722,0";"179120,5";"186709,5";"176536,0";"162296,5";"153803,5";"157045,5";"149960,5";"145479,5";"135557,5";"133256,0";"128753,0";"125527,0";"121153,5";"121506,5";"116471,0";"115115,5";"106969,5";"103666,5";"96353,5";"93252,0";"88162,5";"84739,5";"81392,5";"74081,5";"68892,0";"64201,0";"49247,0";"42234,0";"38798,5";"33869,0";"29099,5";"25828,5";"21233,0";"16951,5";"12761,0";"10004,5";"7681,5";"16788,5";".";".";".";".";".";".";".";".";".";".";"."
"Nederland";"2004";"16258032";"200781";"203063";"205052";"208606";"203714";"202005";"195772";"194113";"194629";"199970";"199615";"201666";"204485";"205056";"197177";"195310";"196517";"196136";"192758";"191132";"187072";"189846";"196364";"200299";"195282";"197651";"196484";"199787";"202499";"212780";"221564";"241002";"253454";"265575";"272169";"261042";"259031";"260628";"265689";"270348";"266472";"261896";"259788";"253514";"251798";"245225";"240559";"237050";"231818";"228673";"225631";"226276";"218693";"220037";"222986";"229766";"241725";"248884";"178433";"185945";"175738";"161499";"153023";"156208";"149118";"144516";"134504";"132227";"127640";"124321";"119938";"120051";"114966";"113404";"105282";"101898";"94457";"91236";"85976";"82440";"78926";"71566";"66275";"61517";"46909";"39960";"36466";"31482";"26917";"23614";"19195";"15175";"11284";"8718";"6595";"13699";".";".";".";".";".";".";".";".";".";".";".";"16281779,0";"96875,0";"201051,5";"202948,5";"204854,0";"208328,5";"203396,0";"201776,5";"195528,0";"193938,0";"194437,0";"199883,0";"199477,0";"201631,5";"204419,0";"205004,5";"197170,5";"195278,5";"196562,0";"196485,5";"193147,0";"191436,5";"187548,0";"190374,5";"196924,0";"200754,5";"195657,5";"197926,5";"196591,5";"199755,5";"202385,5";"212575,0";"221346,5";"240682,5";"253097,0";"265188,5";"271760,0";"260573,0";"258567,0";"260187,0";"265223,5";"269935,0";"265998,0";"261508,5";"259369,5";"253078,5";"251326,5";"244765,5";"240125,0";"236548,0";"231302,0";"228191,5";"225050,0";"225688,0";"218085,0";"219386,5";"222322,0";"229030,5";"240902,0";"247949,0";"177732,5";"185103,5";"174910,0";"160685,5";"152245,0";"155308,5";"148136,5";"143503,0";"133491,5";"131152,0";"126475,0";"123061,5";"118608,0";"118594,0";"113396,0";"111677,5";"103574,5";"100057,5";"92592,5";"89169,5";"83832,0";"80116,0";"76447,5";"69093,0";"63665,0";"58835,0";"44667,0";"37775,0";"34287,5";"29411,5";"24908,0";"21701,5";"17487,0";"13668,0";"10091,0";"7687,0";"17326,5";".";".";".";".";".";".";".";".";".";".";"."
"Nederland";"2005";"16305526";"193763";"201322";"202834";"204656";"208051";"203078";"201548";"195283";"193763";"194244";"199796";"199337";"201597";"204349";"204953";"197164";"195245";"196608";"196833";"193533";"191739";"188024";"190898";"197482";"201209";"196029";"198202";"196699";"199726";"202271";"212370";"221127";"240362";"252739";"264801";"271362";"260113";"258114";"259756";"264760";"269524";"265525";"261123";"258950";"252643";"250854";"244306";"239688";"236046";"230785";"227712";"224473";"225103";"217476";"218737";"221656";"228295";"240080";"247016";"177031";"184262";"174083";"159871";"151468";"154409";"147153";"142490";"132479";"130076";"125308";"121801";"117279";"117136";"111825";"109951";"101866";"98217";"90726";"87103";"81687";"77791";"73968";"66618";"61049";"56151";"42423";"35589";"32106";"27341";"22898";"19789";"15779";"12161";"8900";"6655";"14355";".";".";".";".";".";".";".";".";".";".";".";"16319868,0";"93586,0";"193861,0";"201112,0";"202517,5";"204287,0";"207625,5";"202704,0";"201226,5";"195019,5";"193574,5";"194015,0";"199619,5";"199222,0";"201464,5";"204268,0";"204863,5";"197123,0";"195281,0";"196721,5";"196933,5";"193690,0";"192023,5";"188419,0";"191330,5";"197747,0";"201424,5";"196100,0";"198196,5";"196610,5";"199538,5";"202018,0";"212043,5";"220740,5";"239898,5";"252207,0";"264202,0";"270723,5";"259510,5";"257572,0";"259202,5";"264200,5";"269001,0";"265044,5";"260610,0";"258433,5";"252128,0";"250320,5";"243780,0";"239158,0";"235460,0";"230170,5";"227139,0";"223879,0";"224499,0";"216849,5";"218040,5";"220930,5";"227495,0";"239171,0";"246061,0";"176240,0";"183420,5";"173184,0";"159038,5";"150622,0";"153366,5";"146091,5";"141440,0";"131420,5";"128958,0";"124125,5";"120480,5";"115883,0";"115611,5";"110206,0";"108126,0";"100102,5";"96214,0";"88689,5";"84916,0";"79450,0";"75406,5";"71406,0";"64038,0";"58463,5";"53491,5";"40201,5";"33489,0";"30006,5";"25301,0";"21041,5";"18043,5";"14190,0";"10845,0";"7842,5";"17922,0";".";".";".";".";".";".";".";".";".";".";"."
"Nederland";"2006";"16334210";"187172";"193959";"200902";"202201";"203918";"207200";"202330";"200905";"194756";"193386";"193786";"199443";"199107";"201332";"204187";"204774";"197082";"195317";"196835";"197034";"193847";"192308";"188814";"191763";"198012";"201640";"196171";"198191";"196522";"199351";"201765";"211717";"220354";"239435";"251675";"263603";"270085";"258908";"257030";"258649";"263641";"268478";"264564";"260097";"257917";"251613";"249787";"243254";"238628";"234874";"229556";"226566";"223285";"223895";"216223";"217344";"220205";"226695";"238262";"245106";"175449";"182579";"172285";"158206";"149776";"152324";"145030";"140390";"130362";"127840";"122943";"119160";"114487";"114087";"108587";"106301";"98339";"94211";"86653";"82729";"77213";"73022";"68844";"61458";"55878";"50832";"37980";"31389";"27907";"23261";"19185";"16298";"12601";"9529";"6785";"14834";".";".";".";".";".";".";".";".";".";".";".";"16346101,0";"92212,5";"187204,5";"193722,5";"200597,0";"201821,0";"203494,0";"206821,0";"202029,0";"200618,5";"194590,5";"193219,5";"193671,5";"199302,5";"198975,0";"201227,0";"204103,0";"204752,0";"197085,0";"195395,5";"197006,0";"197215,5";"193968,5";"192644,0";"189169,5";"191903,0";"198014,0";"201591,5";"196146,5";"198046,5";"196208,0";"199016,5";"201422,0";"211261,5";"219787,0";"238898,0";"251153,0";"263026,5";"269444,5";"258275,5";"256489,0";"258049,0";"263072,5";"267888,0";"264032,5";"259584,5";"257441,5";"251043,0";"249205,5";"242731,0";"238063,0";"234322,0";"228996,0";"225928,0";"222679,5";"223276,5";"215552,5";"216630,0";"219443,5";"225871,0";"237388,5";"244087,5";"174638,0";"181676,0";"171337,5";"157342,5";"148855,0";"151302,0";"143998,0";"139279,0";"129253,0";"126682,0";"121663,0";"117826,5";"113075,5";"112494,0";"106923,0";"104510,0";"96419,5";"92161,0";"84558,5";"80519,5";"74912,5";"70580,5";"66309,5";"58888,0";"53302,5";"48122,0";"35755,5";"29347,0";"25896,5";"21411,5";"17448,5";"14760,0";"11243,0";"8378,5";"18418,5";".";".";".";".";".";".";".";".";".";".";"."
"Nederland";"2007";"16357992";"184425";"187237";"193486";"200292";"201441";"203070";"206442";"201728";"200332";"194425";"193053";"193557";"199162";"198843";"201122";"204019";"204730";"197088";"195474";"197177";"197397";"194090";"192980";"189525";"192043";"198016";"201543";"196122";"197902";"195894";"198682";"201079";"210806";"219220";"238361";"250631";"262450";"268804";"257643";"255948";"257449";"262504";"267298";"263501";"259072";"256966";"250473";"248624";"242208";"237498";"233770";"228436";"225290";"222074";"222658";"214882";"215916";"218682";"225047";"236515";"243069";"173827";"180773";"170390";"156479";"147934";"150280";"142966";"138168";"128144";"125524";"120383";"116493";"111664";"110901";"105259";"102719";"94500";"90111";"82464";"78310";"72612";"68139";"63775";"56318";"50727";"45412";"33531";"27305";"23886";"19562";"15712";"13222";"9885";"7228";"15218";".";".";".";".";".";".";".";".";".";".";".";"16381695,5";"90381,0";"184561,0";"187205,0";"193330,5";"200106,0";"201168,5";"202835,5";"206269,5";"201593,0";"200212,5";"194347,0";"193039,5";"193532,5";"199147,0";"198880,0";"201144,5";"204134,5";"204850,5";"197390,5";"196059,5";"197855,5";"198115,0";"194731,5";"193681,5";"190079,5";"192653,5";"198554,5";"201897,0";"196359,5";"198201,5";"195895,0";"198663,5";"201063,5";"210676,0";"219033,0";"238123,5";"250325,0";"262079,5";"268398,5";"257327,5";"255554,0";"257098,5";"262113,0";"266911,5";"263125,0";"258671,0";"256506,5";"250074,5";"248182,0";"241744,0";"237042,0";"233295,5";"227901,0";"224733,5";"221488,5";"222014,0";"214263,0";"215212,0";"217906,0";"224203,0";"235541,0";"241991,5";"173005,5";"179853,5";"169535,0";"155535,0";"146925,0";"149253,5";"141899,5";"137030,0";"126974,5";"124314,0";"119085,5";"115081,5";"110166,0";"109258,5";"103520,0";"100824,0";"92540,5";"88023,5";"80381,5";"76100,0";"70300,0";"65677,0";"61173,0";"53778,5";"48197,5";"42837,5";"31432,5";"25446,0";"21989,0";"17878,5";"14217,0";"11926,0";"8788,5";"19275,0";".";".";".";".";".";".";".";".";".";".";"."
"Nederland";"2008";"16405399";"180762";"184697";"187173";"193175";"199920";"200896";"202601";"206097";"201458";"200093";"194269";"193026";"193508";"199132";"198917";"201167";"204250";"204971";"197693";"196645";"198534";"198833";"195373";"194383";"190634";"193264";"199093";"202251";"196597";"198501";"195896";"198645";"201048";"210546";"218846";"237886";"250019";"261709";"267993";"257012";"255160";"256748";"261722";"266525";"262749";"258270";"256047";"249676";"247740";"241280";"236586";"232821";"227366";"224177";"220903";"221370";"213644";"214508";"217130";"223359";"234567";"240914";"172184";"178934";"168680";"154591";"145916";"148227";"140833";"135892";"125805";"123104";"117788";"113670";"108668";"107616";"101781";"98929";"90581";"85936";"78299";"73890";"67988";"63215";"58571";"51239";"45668";"40263";"29334";"23587";"20092";"16195";"12722";"10630";"7692";"16104";".";".";".";".";".";".";".";".";".";".";".";"16445593,0";"92204,0";"181165,5";"184875,0";"187248,5";"193188,5";"199868,0";"200804,0";"202562,0";"206103,5";"201465,5";"200121,5";"194358,5";"193121,0";"193627,0";"199220,0";"198992,5";"201330,5";"204435,5";"205439,5";"198564,5";"197782,5";"199823,0";"200165,0";"196785,5";"195757,5";"191925,0";"194323,5";"200037,5";"203203,5";"197416,5";"198939,0";"196426,5";"198986,0";"201393,5";"210783,0";"219042,5";"237943,0";"250020,5";"261655,0";"267870,0";"256901,0";"254967,0";"256649,5";"261532,0";"266318,5";"262469,0";"258034,5";"255754,5";"249389,0";"247368,0";"240901,5";"236164,5";"232346,0";"226863,0";"223680,0";"220408,5";"220737,5";"212999,0";"213826,5";"216372,0";"222461,0";"233560,5";"239835,0";"171372,0";"178049,0";"167610,5";"153575,0";"144953,0";"147121,5";"139743,0";"134742,0";"124631,0";"121816,0";"116428,0";"112267,5";"107096,0";"105943,0";"99967,0";"96884,5";"88566,0";"83735,0";"76109,5";"71481,0";"65587,0";"60662,0";"56007,5";"48676,0";"43162,5";"37710,5";"27293,5";"21776,5";"18372,5";"14641,5";"11385,5";"9397,0";"20319,0";".";".";".";".";".";".";".";".";".";".";"."
"Nederland";"2009";"16485787";"184408";"181569";"185053";"187324";"193202";"199816";"200712";"202523";"206110";"201473";"200150";"194448";"193216";"193746";"199308";"199068";"201494";"204621";"205908";"199436";"198920";"201112";"201497";"198198";"197132";"193216";"195383";"200982";"204156";"198236";"199377";"196957";"199327";"201739";"211020";"219239";"238000";"250022";"261601";"267747";"256790";"254774";"256551";"261342";"266112";"262189";"257799";"255462";"249102";"246996";"240523";"235743";"231871";"226360";"223183";"219914";"220105";"212354";"213145";"215614";"221563";"232554";"238756";"170560";"177164";"166541";"152559";"143990";"146016";"138653";"133592";"123457";"120528";"115068";"110865";"105524";"104270";"98153";"94840";"86551";"81534";"73920";"69072";"63186";"58109";"53444";"46113";"40657";"35158";"25253";"19966";"16653";"13088";"10049";"8164";"16842";".";".";".";".";".";".";".";".";".";".";".";"16530388,0";"92293,0";"184811,5";"181837,5";"185252,5";"187423,0";"193273,5";"199855,0";"200764,5";"202606,0";"206307,0";"201623,0";"200330,5";"194637,0";"193392,0";"193924,5";"199561,5";"199348,0";"201809,0";"205236,0";"206956,5";"200741,0";"200446,0";"202493,5";"202920,5";"199435,5";"198245,0";"194177,0";"196249,5";"201655,5";"204785,0";"198739,0";"199861,0";"197345,5";"199666,5";"201985,0";"211220,0";"219395,0";"238117,5";"250053,5";"261629,5";"267764,5";"256796,0";"254713,5";"256472,5";"261245,5";"265976,5";"261989,5";"257583,0";"255221,5";"248840,0";"246646,5";"240132,5";"235341,0";"231436,0";"225874,0";"222669,0";"219312,5";"219524,5";"211784,5";"212482,0";"214870,5";"220701,5";"231532,5";"237663,5";"169759,0";"176096,0";"165523,5";"151591,5";"142992,0";"144906,5";"137527,5";"132375,0";"122260,5";"119148,5";"113616,5";"109336,5";"103839,0";"102455,0";"96312,0";"92797,0";"84429,0";"79282,0";"71612,0";"66677,0";"60785,5";"55645,5";"50846,5";"43647,5";"38233,0";"32777,5";"23338,0";"18297,0";"15141,5";"11760,5";"8918,0";"21486,0";".";".";".";".";".";".";".";".";".";".";"."
"Nederland";"2010";"16574989";"184586";"185215";"182106";"185452";"187522";"193345";"199894";"200817";"202689";"206504";"201773";"200511";"194826";"193568";"194103";"199815";"199628";"202124";"205851";"208005";"202046";"201972";"203875";"204344";"200673";"199358";"195138";"197116";"202329";"205414";"199242";"200345";"197734";"200006";"202231";"211420";"219551";"238235";"250085";"261658";"267782";"256802";"254653";"256394";"261149";"265841";"261790";"257367";"254981";"248578";"246297";"239742";"234939";"231001";"225388";"222155";"218711";"218944";"211215";"211819";"214127";"219840";"230511";"236571";"168958";"175028";"164506";"150624";"141994";"143797";"136402";"131158";"121064";"117769";"112165";"107808";"102154";"100640";"94471";"90754";"82307";"77030";"69304";"64282";"58385";"53182";"48249";"41182";"35809";"30397";"21423";"16628";"13630";"10433";"7787";"17966";".";".";".";".";".";".";".";".";".";".";".";"16615394,0";"92003,5";"184937,0";"185450,5";"182250,5";"185591,0";"187593,0";"193397,0";"200033,0";"200899,5";"202825,5";"206619,5";"201908,0";"200705,0";"194987,0";"193741,5";"194280,0";"200050,0";"199947,0";"202866,5";"206989,0";"209438,0";"203678,0";"203464,5";"205308,0";"205597,0";"201837,0";"200188,5";"195763,5";"197575,0";"202712,0";"205815,5";"199492,0";"200504,0";"197862,0";"200079,0";"202259,0";"211492,5";"219580,5";"238196,0";"250017,0";"261565,0";"267689,5";"256675,5";"254459,0";"256218,0";"260898,0";"265621,5";"261497,5";"257038,0";"254655,0";"248221,0";"245880,5";"239332,0";"234506,0";"230498,5";"224827,0";"221552,5";"218098,5";"218325,5";"210526,5";"211080,0";"213333,0";"218930,0";"229459,0";"235458,0";"167956,0";"173954,5";"163407,0";"149612,5";"140905,0";"142621,0";"135236,0";"129902,0";"119739,0";"116356,0";"110591,0";"106179,0";"100365,5";"98677,5";"92466,5";"88599,0";"80096,0";"74700,0";"66959,0";"61898,5";"55935,0";"50670,0";"45692,0";"38709,5";"33425,0";"28115,0";"19640,0";"15101,0";"12239,5";"9255,5";"22112,5";".";".";".";".";".";".";".";".";".";".";"."
"Nederland";"2011";"16655799";"184007";"185288";"185686";"182395";"185730";"187664";"193449";"200172";"200982";"202962";"206735";"202043";"200899";"195148";"193915";"194457";"200285";"200266";"203609";"208127";"210871";"205310";"204957";"206741";"206850";"203001";"201019";"196389";"198034";"203095";"206217";"199742";"200663";"197990";"200152";"202287";"211565";"219610";"238157";"249949";"261472";"267597";"256549";"254265";"256042";"260647";"265402";"261205";"256709";"254329";"247864";"245464";"238922";"234073";"229996";"224266";"220950";"217486";"217707";"209838";"210341";"212539";"218020";"228407";"234345";"166954";"172881";"162308";"148601";"139816";"141445";"134070";"128646";"118414";"114943";"109017";"104550";"98577";"96715";"90462";"86444";"77885";"72370";"64614";"59515";"53485";"48158";"43135";"36237";"31041";"25833";"17857";"13574";"10849";"8078";"18472";".";".";".";".";".";".";".";".";".";".";".";"16693073,5";"89826,5";"184374,0";"185489,0";"185824,0";"182542,5";"185769,0";"187718,0";"193512,0";"200230,5";"201115,0";"203098,0";"206861,5";"202241,5";"201031,5";"195276,5";"194096,0";"194694,0";"200594,0";"201041,5";"204888,0";"209615,0";"212477,5";"206639,5";"206253,5";"207786,0";"207732,5";"203802,0";"201621,5";"196844,5";"198301,5";"203338,0";"206448,0";"199850,5";"200720,0";"198126,5";"200218,0";"202315,0";"211573,5";"219612,5";"238059,5";"249881,5";"261390,5";"267394,5";"256451,0";"254075,0";"255905,0";"260355,0";"265127,5";"260881,5";"256386,0";"253979,0";"247443,5";"245069,5";"238488,5";"233567,0";"229522,0";"223721,5";"220401,0";"216857,5";"216971,5";"209105,0";"209580,5";"211698,0";"217088,0";"227346,0";"233070,0";"165929,0";"171800,0";"161255,0";"147518,5";"138699,0";"140249,0";"132792,5";"127314,5";"117017,0";"113434,5";"107395,0";"102808,5";"96785,0";"94750,0";"88364,0";"84117,0";"75522,5";"69959,0";"62216,0";"57070,0";"50991,5";"45666,0";"40622,0";"33859,0";"28813,5";"23782,0";"16220,0";"12241,0";"9667,0";"22901,5";".";".";".";".";".";".";".";".";".";".";"."
"Nederland";"2012";"16730348";"179653";"184741";"185690";"185962";"182690";"185808";"187772";"193575";"200289";"201248";"203234";"206988";"202440";"201164";"195405";"194277";"194931";"200903";"201817";"206167";"211103";"214084";"207969";"207550";"208831";"208615";"204603";"202224";"197300";"198569";"203581";"206679";"199959";"200777";"198263";"200284";"202343";"211582";"219615";"237962";"249814";"261309";"267192";"256353";"253885";"255768";"260063";"264853";"260558";"256063";"253629";"247023";"244675";"238055";"233061";"229048";"223177";"219852";"216229";"216236";"208372";"208820";"210857";"216156";"226285";"231795";"164904";"170719";"160202";"146436";"137582";"139053";"131515";"125983";"115620";"111926";"105773";"101067";"94993";"92785";"86266";"81790";"73160";"67548";"59818";"54625";"48498";"43174";"38109";"31481";"26586";"21731";"14583";"10908";"8485";"19253";".";".";".";".";".";".";".";".";".";".";".";"16754961,5";"87793,5";"179859,5";"184805,0";"185685,5";"185980,5";"182609,5";"185774,5";"187742,5";"193590,5";"200343,0";"201297,5";"203279,0";"207078,0";"202500,0";"201249,5";"195490,0";"194454,0";"195148,0";"201779,0";"203221,0";"207550,5";"212277,0";"215054,0";"208791,5";"208107,0";"209122,0";"208818,0";"204784,0";"202334,0";"197423,5";"198719,0";"203471,5";"206636,0";"199952,0";"200738,5";"198144,5";"200229,0";"202182,0";"211418,0";"219476,0";"237719,5";"249577,0";"261005,5";"266976,5";"256131,5";"253673,5";"255471,5";"259714,0";"264516,5";"260200,0";"255689,5";"253156,0";"246578,5";"244244,0";"237510,0";"232487,5";"228492,0";"222553,0";"219194,5";"215545,0";"215522,5";"207602,5";"207971,5";"209888,0";"215134,5";"224993,5";"230431,5";"163867,0";"169545,5";"159022,0";"145245,0";"136382,5";"137717,5";"130167,5";"124562,0";"114131,0";"110303,0";"104090,5";"99211,5";"93019,0";"90621,5";"84012,5";"79317,5";"70766,5";"64988,0";"57283,5";"52043,5";"45869,5";"40640,0";"35659,0";"29107,0";"24321,5";"19666,5";"13126,0";"9658,0";"23729,5";".";".";".";".";".";".";".";".";".";".";"."
"Nederland";"2013";"16779575";"175587";"180066";"184869";"185681";"185999";"182529";"185741";"187713";"193606";"200397";"201347";"203324";"207168";"202560";"201335";"195575";"194631";"195365";"202655";"204625";"208934";"213451";"216024";"209614";"208664";"209413";"209021";"204965";"202444";"197547";"198869";"203362";"206593";"199945";"200700";"198026";"200174";"202021";"211254";"219337";"237477";"249340";"260702";"266761";"255910";"253462";"255175";"259365";"264180";"259842";"255316";"252683";"246134";"243813";"236965";"231914";"227936";"221929";"218537";"214861";"214809";"206833";"207123";"208919";"214113";"223702";"229068";"162830";"168372";"157842";"144054";"135183";"136382";"128820";"123141";"112642";"108680";"102408";"97356";"91045";"88458";"81759";"76845";"68373";"62428";"54749";"49462";"43241";"38106";"33209";"26733";"22057";"17602";"11669";"8408";"19721";".";".";".";".";".";".";".";".";".";".";".";"16804432,0";"85476,5";"175784,5";"180119,0";"184867,5";"185688,5";"185939,5";"182570,5";"185848,0";"187803,5";"193713,5";"200554,5";"201460,5";"203450,0";"207334,0";"202720,5";"201502,5";"195782,5";"194849,5";"196430,5";"204198,5";"206005,0";"210100,5";"214452,5";"216748,0";"210172,5";"208880,0";"209645,0";"209305,5";"205212,5";"202599,5";"197646,5";"198975,5";"203417,5";"206554,5";"200002,5";"200677,0";"197986,5";"200123,0";"201993,0";"211152,0";"219212,0";"237350,0";"249295,0";"260569,0";"266540,0";"255665,0";"253228,5";"254949,0";"259102,5";"263840,0";"259418,0";"254911,0";"252249,0";"245654,5";"243295,0";"236436,5";"231371,0";"227330,0";"221304,0";"217853,5";"214129,0";"214027,0";"206008,0";"206238,0";"207972,5";"212968,5";"222416,0";"227686,0";"161720,5";"167131,5";"156591,5";"142805,5";"133942,0";"134989,0";"127286,0";"121620,0";"111056,5";"106986,0";"100619,0";"95446,0";"88941,5";"86154,5";"79412,5";"74366,5";"65888,5";"59886,0";"52173,5";"46852,5";"40619,5";"35637,0";"30778,0";"24550,5";"20025,5";"15809,0";"10358,5";"24023,5";".";".";".";".";".";".";".";".";".";".";"."
"Nederland";"2014";"16829289";"170953";"175982";"180172";"184866";"185696";"185880";"182612";"185955";"187894";"193821";"200712";"201574";"203576";"207500";"202881";"201670";"195990";"195068";"197496";"205742";"207385";"211267";"215454";"217472";"210731";"209096";"209877";"209590";"205460";"202755";"197746";"199082";"203473";"206516";"200060";"200654";"197947";"200072";"201965";"211050";"219087";"237223";"249250";"260436";"266319";"255420";"252995";"254723";"258840";"263500";"258994";"254506";"251815";"245175";"242777";"235908";"230828";"226724";"220679";"217170";"213397";"213245";"205183";"205353";"207026";"211824";"221130";"226304";"160611";"165891";"155341";"141557";"132701";"133596";"125752";"120099";"109471";"105292";"98830";"93536";"86838";"83851";"77066";"71888";"63404";"57344";"49598";"44243";"37998";"33168";"28347";"22368";"17994";"14016";"9048";"19918";".";".";".";".";".";".";".";".";".";".";".";"16865007,5";"87340,5";"171270,0";"176185,0";"180329,0";"185023,0";"185785,0";"186000,5";"182765,5";"186202,5";"188092,5";"194008,5";"200877,5";"201791,5";"203748,0";"207710,5";"203057,5";"201902,5";"196374,0";"196364,5";"199350,5";"207471,5";"208624,0";"212383,0";"216416,5";"218281,0";"211417,5";"209714,5";"210437,0";"210144,5";"206000,5";"203196,0";"198071,5";"199406,5";"203740,0";"206742,5";"200233,5";"200864,0";"198043,5";"200186,5";"202021,5";"211153,5";"219080,5";"237237,0";"249195,0";"260289,0";"266161,0";"255209,5";"252753,0";"254443,5";"258540,0";"263234,0";"258649,0";"254102,5";"251424,5";"244677,0";"242276,0";"235433,5";"230271,5";"226139,5";"220030,5";"216423,5";"212613,0";"212427,5";"204326,0";"204476,0";"205929,5";"210632,5";"219814,5";"224838,0";"159449,0";"164590,0";"154061,0";"140244,5";"131399,0";"132120,0";"124240,0";"118485,0";"107800,5";"103529,5";"96934,0";"91530,0";"84762,5";"81536,5";"74631,0";"69375,5";"60909,5";"54731,5";"47116,5";"41772,5";"35574,0";"30821,0";"26048,5";"20384,5";"16218,0";"12513,5";"24875,5";".";".";".";".";".";".";".";".";".";".";"."
"Nederland";"2015";"16900726";"174681";"171587";"176388";"180486";"185180";"185874";"186121";"182919";"186450";"188291";"194196";"201043";"202009";"203920";"207921";"203234";"202135";"196758";"197661";"201205";"209201";"209863";"213499";"217379";"219090";"212104";"210333";"210997";"210699";"206541";"203637";"198397";"199731";"204007";"206969";"200407";"201074";"198140";"200301";"202078";"211257";"219074";"237251";"249140";"260142";"266003";"254999";"252511";"254164";"258240";"262968";"258304";"253699";"251034";"244179";"241775";"234959";"229715";"225555";"219382";"215677";"211829";"211610";"203469";"203599";"204833";"209441";"218499";"223372";"158287";"163289";"152781";"138932";"130097";"130644";"122728";"116871";"106130";"101767";"95038";"89524";"82687";"79222";"72196";"66863";"58415";"52119";"44635";"39302";"33150";"28474";"23750";"18401";"14442";"11011";"20785";"6952";"4697";"3378";"2198";"1390";"962";"575";"278";"175";"92";"88";"16939923,0";"85170,5";"175201,0";"171991,0";"176796,0";"180839,5";"185487,5";"186200,5";"186537,5";"183288,5";"186777,0";"188644,0";"194569,5";"201355,0";"202374,0";"204227,0";"208312,5";"203835,0";"202902,0";"198379,5";"199789,0";"203012,0";"210733,0";"211340,5";"214943,5";"218517,5";"219964,5";"212932,0";"211060,0";"211685,5";"211470,5";"207184,5";"204161,0";"198961,0";"200135,0";"204385,5";"207347,0";"200714,0";"201252,5";"198364,0";"200474,5";"202260,0";"211403,0";"219180,0";"237349,0";"249199,0";"260106,5";"265935,5";"254910,0";"252373,5";"253956,0";"257908,0";"262646,5";"257984,0";"253262,5";"250581,0";"243696,0";"241252,0";"234462,5";"229125,5";"224862,5";"218680,5";"214905,0";"210991,5";"210720,5";"202562,0";"202490,0";"203645,0";"208179,5";"217077,0";"221832,0";"157031,0";"161840,0";"151362,0";"137584,5";"128631,5";"129009,0";"121049,0";"115131,0";"104272,0";"99781,5";"92938,0";"87242,0";"80347,0";"76678,5";"69596,0";"64142,5";"55632,0";"49367,0";"41985,0";"36690,5";"30729,5";"26101,5";"21539,5";"16445,5";"12781,5";"27165,0";"9659,5";"6008,0";"4004,0";"2835,0";"1828,0";"1131,5";"760,0";"455,5";"215,5";"135,0";"133,0"
"Nederland";"2016";"16979120";"170341";"175721";"172395";"177204";"181193";"185795";"186527";"186954";"183658";"187104";"188997";"194943";"201667";"202739";"204534";"208704";"204436";"203669";"200001";"201917";"204819";"212265";"212818";"216388";"219656";"220839";"213760";"211787";"212374";"212242";"207828";"204685";"199525";"200539";"204764";"207725";"201021";"201431";"198588";"200648";"202442";"211549";"219286";"237447";"249258";"260071";"265868";"254821";"252236";"253748";"257576";"262325";"257664";"252826";"250128";"243213";"240729";"233966";"228536";"224170";"217979";"214133";"210154";"209831";"201655";"201381";"202457";"206918";"215655";"220292";"155775";"160391";"149943";"136237";"127166";"127374";"119370";"113391";"102414";"97796";"90838";"84960";"78007";"74135";"66996";"61422";"52849";"46615";"39335";"34079";"28309";"23729";"19329";"14490";"11121";"22534";"8308";"5064";"3311";"2292";"1458";"873";"558";"336";"153";"95";"86";"17030313,5";"86144,0";"170967,5";"176293,5";"172832,5";"177737,5";"181642,0";"186322,0";"187020,0";"187504,0";"184165,5";"187597,0";"189504,0";"195440,5";"202114,0";"203219,0";"205092,0";"209497,5";"205412,5";"205724,0";"202648,5";"204298,0";"206669,0";"213805,0";"214598,0";"217855,0";"220921,0";"222150,0";"214909,0";"212956,5";"213315,0";"213080,5";"208642,5";"205455,0";"200211,0";"201081,5";"205299,0";"208246,0";"201497,0";"201845,5";"198970,5";"200953,0";"202732,5";"211854,0";"219486,5";"237600,0";"249314,0";"260123,5";"265928,0";"254835,0";"252222,0";"253619,5";"257347,0";"262043,0";"257405,5";"252463,0";"249761,0";"242760,0";"240176,5";"233440,5";"227950,5";"223507,5";"217276,5";"213303,5";"209303,5";"208913,5";"200608,0";"200252,0";"201245,0";"205582,0";"214166,5";"218675,0";"154438,5";"158938,5";"148458,5";"134738,0";"125638,5";"125625,0";"117585,0";"111468,5";"100483,0";"95671,5";"88648,0";"82579,5";"75522,5";"71506,0";"64258,0";"58581,0";"50062,5";"43876,0";"36733,0";"31526,0";"25904,0";"21537,5";"17366,5";"12872,0";"28765,5";"9703,0";"7161,0";"4311,5";"2800,5";"1897,5";"1198,5";"706,0";"453,5";"273,0";"120,5";"140,5"
"Nederland";"2017";"17081507";"172288";"171594";"176866";"173270";"178271";"182091";"186849";"187513";"188054";"184673";"188090";"190011";"195938";"202561";"203699";"205650";"210291";"206389";"207779";"205296";"206679";"208519";"215345";"216378";"219322";"222186";"223461";"216058";"214126";"214256";"213919";"209457";"206225";"200897";"201624";"205834";"208767";"201973";"202260";"199353";"201258";"203023";"212159";"219687";"237753";"249370";"260176";"265988";"254849";"252208";"253491";"257118";"261761";"257147";"252100";"249394";"242307";"239624";"232915";"227365";"222845";"216574";"212474";"208453";"207996";"199561";"199123";"200033";"204246";"212678";"217058";"153102";"157486";"146974";"133239";"124111";"123876";"115800";"109546";"98552";"93547";"86458";"80199";"73038";"68877";"61520";"55740";"47276";"41137";"34131";"28973";"23499";"19346";"15404";"11254";"23876";"8285";"6014";"3559";"2290";"1503";"939";"539";"349";"210";"88";"100";"17131295,5";"84783,0";"172826,5";"172204,5";"177389,5";"173855,0";"178766,0";"182583,0";"187414,0";"188051,0";"188608,0";"185230,5";"188629,5";"190559,5";"196406,5";"203040,0";"204236,5";"206264,0";"211055,5";"208581,5";"210782,5";"207544,0";"208285,5";"209913,5";"216951,0";"217805,0";"220482,5";"223302,0";"224540,0";"217188,5";"215142,0";"215244,5";"214711,0";"210292,0";"206925,5";"201598,5";"202215,0";"206358,5";"209268,0";"202450,0";"202615,5";"199690,5";"201616,0";"203322,5";"212408,5";"219858,5";"237950,5";"249524,0";"260221,5";"265981,0";"254802,5";"252129,5";"253397,0";"256964,5";"261466,0";"256828,5";"251685,5";"248998,5";"241853,0";"239087,0";"232301,0";"226703,0";"222083,0";"215794,0";"211616,0";"207528,5";"207048,0";"198439,0";"198000,5";"198852,5";"202908,0";"211147,0";"215348,5";"151742,5";"155977,5";"145396,0";"131665,0";"122464,5";"122047,5";"113952,5";"107526,5";"96433,5";"91268,5";"84111,5";"77730,0";"70481,0";"66055,5";"58723,5";"52866,5";"44454,5";"38418,5";"31560,0";"26627,5";"21302,0";"17320,0";"13572,0";"29946,0";"9874,0";"7142,5";"5085,0";"2998,5";"1892,0";"1211,0";"750,5";"420,0";"271,5";"159,5";"141,5"
"Nederland";"2018";"17181084";"169566";"173365";"172815";"177913";"174440";"179261";"183075";"187979";"188589";"189162";"185788";"189169";"191108";"196875";"203519";"204774";"206878";"211820";"210774";"213786";"209792";"209892";"211308";"218557";"219232";"221643";"224418";"225619";"218319";"216158";"216233";"215503";"211127";"207626";"202300";"202806";"206883";"209769";"202927";"202971";"200028";"201974";"203622";"212658";"220030";"238148";"249678";"260267";"265974";"254756";"252051";"253303";"256811";"261171";"256510";"251271";"248603";"241399";"238550";"231687";"226041";"221321";"215014";"210758";"206604";"206100";"197317";"196878";"197672";"201570";"209616";"213639";"150383";"154469";"143818";"130091";"120818";"120219";"112105";"105507";"94315";"88990";"81765";"75261";"67924";"63234";"55927";"49993";"41633";"35700";"28989";"24282";"19105";"15294";"11740";"24762";"8494";"6000";"4156";"2438";"1494";"919";"562";"301";"194";"109";"95";"17231623,5";"84221,5";"170191,0";"173810,5";"173268,5";"178369,0";"174825,0";"179652,0";"183445,0";"188416,5";"189054,5";"189626,0";"186200,5";"189597,5";"191508,5";"197276,0";"203912,5";"205206,0";"207435,0";"214217,0";"214121,5";"216050,5";"211385,5";"211373,0";"212904,5";"219916,5";"220413,5";"222890,5";"225749,0";"226887,5";"219606,5";"217393,5";"217315,0";"216512,5";"212004,5";"208551,0";"203053,0";"203603,5";"207498,5";"210370,0";"203464,0";"203481,5";"200527,5";"202412,5";"203940,5";"212958,5";"220336,5";"238367,5";"249805,5";"260401,5";"265997,0";"254832,5";"251998,5";"253200,0";"256601,5";"260841,5";"256187,0";"250914,0";"248072,5";"240801,0";"237958,0";"230974,0";"225309,0";"220504,0";"214156,5";"209886,5";"205658,0";"204930,5";"196158,0";"195694,5";"196381,5";"200110,0";"207991,0";"211755,0";"148887,5";"152787,0";"142142,0";"128370,0";"119043,5";"118268,0";"110065,0";"103301,0";"92163,0";"86583,5";"79250,5";"72678,0";"65238,0";"60300,5";"53008,0";"47043,0";"38800,0";"33025,5";"26546,5";"21986,5";"17093,0";"13515,0";"31088,5";"10222,5";"7316,0";"5079,5";"3491,0";"2048,0";"1222,0";"741,5";"442,5";"227,5";"148,0";"150,0"
"Nederland";"2019";"17282163";"168443";"170816";"174256";"173722";"178825";"175210";"180043";"183815";"188854";"189520";"190090";"186613";"190026";"191909";"197677";"204306";"205638";"207992";"216614";"217469";"218315";"212979";"212854";"214501";"221276";"221595";"224138";"227080";"228156";"220894";"218629";"218397";"217522";"212882";"209476";"203806";"204401";"208114";"210971";"204001";"203992";"201027";"202851";"204259";"213259";"220643";"238587";"249933";"260536";"266020";"254909";"251946";"253097";"256392";"260512";"255864";"250557";"247542";"240203";"237366";"230261";"224577";"219687";"213299";"209015";"204712";"203761";"194999";"194511";"195091";"198650";"206366";"209871";"147392";"151105";"140466";"126649";"117269";"116317";"108025";"101095";"90011";"84177";"76736";"70095";"62552";"57367";"50089";"44093";"35967";"30351";"24104";"19691";"15081";"11736";"25675";"8705";"6138";"4159";"2826";"1658";"950";"564";"323";"154";"102";"96";"17344874,0";"84748,5";"169180,5";"171383,5";"174787,5";"174254,5";"179203,0";"175712,5";"180506,0";"184301,0";"189362,5";"190050,5";"190645,5";"187123,0";"190487,5";"192374,5";"198127,0";"204863,0";"206393,5";"210757,5";"220551,5";"220000,5";"219983,0";"214638,0";"214651,0";"216079,0";"222894,5";"223291,0";"225894,5";"228708,0";"229817,0";"222480,5";"220098,0";"219704,5";"218897,0";"214033,5";"210542,0";"204750,0";"205268,0";"208950,5";"211787,5";"204700,5";"204671,5";"201630,0";"203341,5";"204725,5";"213717,0";"221020,0";"238864,0";"250173,5";"260738,5";"266103,5";"254915,5";"251940,0";"252947,5";"256188,5";"260235,0";"255474,5";"250133,0";"247109,0";"239683,5";"236764,5";"229591,0";"223826,0";"218904,0";"212408,5";"208123,0";"203667,5";"202629,5";"193848,0";"193255,0";"193711,5";"197168,0";"204638,0";"207941,5";"145835,5";"149357,0";"138643,5";"124847,5";"115444,5";"114210,5";"105790,5";"98783,5";"87655,0";"81693,0";"74128,0";"67403,5";"59778,0";"54527,0";"47204,5";"41285,5";"33302,5";"27844,5";"21917,5";"17672,0";"13419,5";"32062,0";"10295,5";"7533,5";"5256,0";"3496,0";"2358,5";"1366,0";"770,0";"460,5";"254,0";"122,0";"150,0"
"Nederland";"2020";"17407585";"169497";"169918";"171951";"175319";"174787";"179581";"176215";"180969";"184787";"189871";"190581";"191201";"187633";"190949";"192840";"198577";"205420";"207149";"213523";"224489";"222532";"221651";"216297";"216448";"217657";"224513";"224987";"227651";"230336";"231478";"224067";"221567";"221012";"220272";"215185";"211608";"205694";"206135";"209787";"212604";"205400";"205351";"202233";"203832";"205192";"214175";"221397";"239141";"250414";"260941";"266187";"254922";"251934";"252798";"255985";"259958";"255085";"249709";"246676";"239164";"236163";"228921";"223075";"218121";"211518";"207231";"202623";"201498";"192697";"191999";"192332";"195686";"202910";"206012";"144279";"147609";"136821";"123046";"113620";"112104";"103556";"96472";"85299";"79209";"71520";"64712";"57004";"51687";"44320";"38478";"30638";"25338";"19731";"15653";"11758";"26713";"8855";"6362";"4374";"2833";"1891";"1074";"590";"357";"185";"90";"102";"17441500,0";"84135,0";"169925,5";"170196,0";"172257,5";"175641,5";"175095,0";"179860,5";"176561,0";"181377,0";"185189,5";"190254,0";"191032,5";"191602,5";"188035,5";"191332,0";"193205,0";"198985,5";"205973,5";"209660,0";"216798,0";"225771,0";"222836,5";"221998,0";"216939,0";"216907,0";"218162,5";"225216,5";"225785,0";"228544,0";"231335,0";"232425,5";"224917,0";"222348,5";"221761,5";"220990,0";"215795,0";"212209,5";"206207,0";"206704,5";"210331,5";"213077,0";"205831,0";"205725,5";"202653,0";"204167,5";"205446,5";"214498,5";"221592,5";"239304,0";"250605,0";"261013,0";"266185,5";"254852,0";"251774,0";"252632,0";"255735,5";"259630,5";"254741,5";"249268,0";"246109,5";"238541,0";"235425,0";"228162,5";"222239,5";"217184,5";"210560,5";"206128,0";"201391,5";"200204,5";"191388,0";"190623,5";"190734,0";"193906,0";"200907,0";"203817,0";"142438,0";"145481,0";"134671,0";"120826,0";"111301,5";"109576,0";"100877,5";"93724,0";"82489,0";"76215,0";"68566,0";"61557,0";"53800,5";"48439,0";"41163,5";"35342,0";"27913,0";"22836,5";"17590,5";"13761,0";"32576,0";"10221,5";"7602,0";"5357,0";"3648,0";"2335,0";"1530,0";"856,0";"465,5";"279,0";"141,0";"141,0"
"Nederland";"2021";"17475415";"168270";"170354";"170474";"172564";"175964";"175403";"180140";"176907";"181785";"185592";"190637";"191484";"192004";"188438";"191715";"193570";"199394";"206527";"212171";"220073";"227053";"223141";"222345";"217581";"217366";"218668";"225920";"226583";"229437";"232334";"233373";"225767";"223130";"222511";"221708";"216405";"212811";"206720";"207274";"210876";"213550";"206262";"206100";"203073";"204503";"205701";"214822";"221788";"239467";"250796";"261085";"266184";"254782";"251614";"252466";"255486";"259303";"254398";"248827";"245543";"237918";"234687";"227404";"221404";"216248";"209603";"205025";"200160";"198911";"190079";"189248";"189136";"192126";"198904";"201622";"140597";"143353";"132521";"118606";"108983";"107048";"98199";"90976";"79679";"73221";"65612";"58402";"50597";"45191";"38007";"32206";"25188";"20335";"15450";"11869";"26681";"8685";"6349";"4352";"2922";"1837";"1169";"638";"341";"201";"97";"90";"17533043,5";"89566,5";"168796,5";"170790,0";"170944,5";"173060,0";"176352,5";"175818,5";"180621,5";"177350,0";"182267,0";"186052,5";"191118,0";"192022,0";"192520,5";"188958,5";"192220,0";"194144,5";"200166,5";"210294,0";"217541,5";"223135,0";"229273,0";"225183,0";"224670,5";"219277,5";"219092,0";"220348,5";"227590,5";"228282,5";"230926,5";"233754,0";"234595,0";"226839,5";"224214,5";"223394,0";"222545,5";"217138,5";"213462,5";"207360,5";"207937,5";"211379,0";"214033,0";"206651,5";"206477,5";"203413,0";"204863,0";"205957,5";"214996,5";"222016,5";"239534,0";"250796,0";"260998,5";"266042,0";"254568,0";"251361,0";"252114,0";"255026,5";"258814,0";"253819,0";"248213,0";"244766,5";"237189,0";"233831,0";"226493,5";"220446,5";"215181,0";"208396,5";"203714,5";"198854,0";"197485,5";"188544,0";"187620,5";"187383,0";"190232,5";"196679,0";"199106,0";"138580,0";"141040,5";"130204,5";"116221,0";"106545,0";"104300,5";"95435,0";"88106,5";"76825,5";"70144,0";"62516,0";"55278,5";"47512,5";"42069,5";"35046,5";"29439,0";"22719,0";"18169,0";"13589,5";"32679,5";"10345,5";"7457,0";"5352,5";"3623,5";"2417,0";"1491,5";"937,0";"496,5";"270,0";"152,5";"136,5"
"Nederland";"2022";"17590672";"179133";"169323";"171226";"171415";"173556";"176741";"176234";"181103";"177793";"182749";"186513";"191599";"192560";"193037";"189479";"192725";"194719";"200939";"214061";"222912";"226197";"231493";"227225";"226996";"220974";"220818";"222029";"229261";"229982";"232416";"235174";"235817";"227912";"225299";"224277";"223383";"217872";"214114";"208001";"208601";"211882";"214516";"207041";"206855";"203753";"205223";"206214";"215171";"222245";"239601";"250796";"260912";"265900";"254354";"251108";"251762";"254567";"258325";"253240";"247599";"243990";"236460";"232975";"225583";"219489";"214114";"207190";"202404";"197548";"196060";"187009";"185993";"185630";"188339";"194454";"196590";"136563";"138728";"127888";"113836";"104107";"101553";"92671";"85237";"73972";"67067";"59420";"52155";"44428";"38948";"32086";"26672";"20250";"16003";"11729";"26809";"8822";"6229";"4356";"2895";"1912";"1146";"705";"355";"199";"104";"86";"17700981,5";"83814,5";"180323,5";"170433,5";"172390,5";"172664,0";"174767,0";"178064,5";"177565,5";"182473,5";"179168,5";"184205,5";"187907,5";"192981,0";"193990,0";"194430,5";"190785,5";"194120,0";"196418,5";"205926,0";"220252,0";"226802,5";"229301,0";"234455,5";"230521,5";"229962,5";"224201,5";"224029,5";"225332,5";"232446,5";"233021,5";"235276,0";"237823,0";"238332,0";"230422,0";"227642,5";"226449,5";"225407,0";"219841,0";"215944,0";"209876,5";"210203,5";"213410,0";"215912,5";"208307,5";"208056,5";"204841,0";"206255,5";"207106,0";"216005,5";"222923,5";"240205,5";"251190,0";"261207,0";"266075,0";"254430,5";"251114,0";"251642,0";"254369,5";"258040,0";"252848,5";"247245,0";"243557,5";"235976,0";"232353,0";"224882,5";"218717,0";"213168,0";"206140,5";"201312,5";"196345,0";"194698,5";"185673,0";"184452,5";"183923,0";"186378,0";"192176,0";"194021,0";"134450,5";"136376,0";"125443,0";"111449,0";"101656,0";"98799,0";"89857,0";"82348,0";"71078,0";"64009,5";"56331,0";"49044,5";"41350,5";"35957,0";"29274,0";"24083,5";"18033,0";"14082,5";"32427,5";"10156,5";"7555,0";"5216,0";"3620,5";"2340,0";"1536,5";"889,5";"558,5";"266,5";"150,5";"138,0"
"Nederland";"2023";"17811291";"167629";"181514";"171544";"173555";"173913";"175978";"179388";"178897";"183844";"180544";"185662";"189302";"194363";"195420";"195824";"192092";"195515";"198118";"210913";"226443";"230693";"232405";"237418";"233818";"232929";"227429";"227241";"228636";"235632";"236061";"238136";"240472";"240847";"232932";"229986";"228622";"227431";"221810";"217774";"211752";"211806";"214938";"217309";"209574";"209258";"205929";"207288";"207998";"216840";"223602";"240810";"251584";"261502";"266250";"254507";"251120";"251522";"254172";"257755";"252457";"246891";"243125";"235492";"231731";"224182";"217945";"212222";"205091";"200221";"195142";"193337";"184337";"182912";"182216";"184417";"189898";"191452";"132338";"134024";"122998";"109062";"99205";"96045";"87043";"79459";"68184";"60952";"53242";"45934";"38273";"32966";"26462";"21495";"15816";"12162";"26317";"8584";"6288";"4203";"2885";"1785";"1161";"633";"412";"178";"102";"86";"17877116,5";"82236,5";"168391,5";"182085,0";"172137,0";"174202,0";"174456,5";"176656,0";"180048,0";"179612,5";"184496,0";"181220,0";"186346,0";"189953,0";"194956,5";"196000,0";"196506,5";"192986,5";"196875,0";"202936,0";"216536,5";"229677,0";"232697,5";"234146,0";"239612,5";"235725,5";"234930,0";"229613,5";"229286,0";"230723,0";"237623,0";"237820,5";"239741,0";"242001,0";"242374,5";"234398,0";"231294,0";"229808,0";"228516,0";"222843,5";"218766,0";"212567,5";"212652,5";"215617,5";"218016,0";"210266,5";"209846,0";"206524,0";"207757,5";"208448,5";"217180,0";"223812,0";"240923,0";"251607,0";"261418,0";"266056,5";"254289,0";"250820,0";"251144,0";"253692,5";"257123,5";"251819,0";"246218,5";"242364,0";"234662,5";"230769,0";"223155,5";"216882,5";"210937,5";"203850,0";"198806,0";"193688,5";"191871,0";"182710,0";"181111,5";"180248,5";"182254,0";"187394,5";"188625,0";"130104,0";"131503,0";"120409,0";"106466,5";"96511,0";"93105,5";"84045,0";"76445,5";"65133,5";"57901,0";"50218,5";"42883,0";"35356,5";"30124,0";"23875,5";"19167,5";"13957,5";"32547,5";"10548,5";"7345,5";"5325,5";"3499,0";"2373,0";"1442,5";"918,5";"504,5";"314,5";"135,5";"140,5"
"Nederland";"2024";"17942942";"164473";"169154";"182656";"172730";"174849";"175000";"177334";"180708";"180328";"185148";"181896";"187030";"190604";"195550";"196580";"197189";"193881";"198235";"207754";"222160";"232911";"234702";"235887";"241807";"237633";"236931";"231798";"231331";"232810";"239614";"239580";"241346";"243530";"243902";"235864";"232602";"230994";"229601";"223877";"219758";"213383";"213499";"216297";"218723";"210959";"210434";"207119";"208227";"208899";"217520";"224022";"241036";"251630";"261334";"265863";"254071";"250520";"250766";"253213";"256492";"251181";"245546";"241603";"233833";"229807";"222129";"215820";"209653";"202609";"197391";"192235";"190405";"181083";"179311";"178281";"180091";"184891";"185798";"127870";"128982";"117820";"103871";"93817";"90166";"81047";"73432";"62083";"54850";"47195";"39832";"32440";"27282";"21289";"16840";"12099";"26616";"8935";"6107";"4363";"2795";"1861";"1100";"676";"376";"217";"93";"93";"";"";"";"";"";"";"";"";"";"";"";"";"";"";"";"";"";"";"";"";"";"";"";"";"";"";"";"";"";"";"";"";"";"";"";"";"";"";"";"";"";"";"";"";"";"";"";"";"";"";"";"";"";"";"";"";"";"";"";"";"";"";"";"";"";"";"";"";"";"";"";"";"";"";"";"";"";"";"";"";"";"";"";"";"";"";"";"";"";"";"";"";"";"";"";"";"";"";"";"";"";"";"";"";"";"";"";""
"Bron: CBS"
